2026-03-04 23:17:05,052 - INFO - ========== STAGE 1: SETUP & COMPILATION ==========
2026-03-04 23:17:05,052 - INFO - [*] Compiling configured algorithms...
2026-03-04 23:17:05,052 - DEBUG - 	-> Building strat_2 (Repo: mosso-mags-dm.git | Branch: feature/merging_strategy_2)...
2026-03-04 23:17:06,571 - INFO - 	[OK] Successfully built mosso-strat_2.jar
2026-03-04 23:17:06,571 - INFO - [*] Global Execution Parameters:
2026-03-04 23:17:06,571 - INFO -     - file: None
2026-03-04 23:17:06,571 - INFO -     - runs: 1
2026-03-04 23:17:06,571 - INFO -     - group: small
2026-03-04 23:17:06,571 - INFO -     - algos: ['strat_2']
2026-03-04 23:17:06,571 - INFO -     - baseline: None
2026-03-04 23:17:06,571 - INFO -     - samples: 100
2026-03-04 23:17:06,571 - INFO -     - local: False
2026-03-04 23:17:06,572 - INFO - [*] Hyperparameters for strat_2: 
2026-03-04 23:17:06,572 - INFO -     - e: BOUNDS (1, 9)
2026-03-04 23:17:06,572 - INFO -     - c: BOUNDS (10, 240)
2026-03-04 23:17:06,572 - INFO -     - interval: BOUNDS (1000, 1000)
2026-03-04 23:17:06,572 - INFO -     - h: BOUNDS (4, 40)
2026-03-04 23:17:06,572 - INFO - [*] Datasets to Run:
2026-03-04 23:17:06,572 - INFO -     - as-caida20071105.txt
2026-03-04 23:17:06,572 - INFO -     - Email-Enron.txt
2026-03-04 23:17:06,572 - INFO -     - Brightkite_edges.txt
2026-03-04 23:17:06,572 - INFO -     - Email-EuAll.txt
2026-03-04 23:17:06,572 - INFO -     - Slashdot0902.txt
2026-03-04 23:17:06,572 - INFO -     - com-dblp.ungraph.txt
2026-03-04 23:17:06,572 - INFO - ==========     STAGE 2: PROCESSING      ==========
2026-03-04 23:17:06,574 - INFO - [as-caida20071105 | strat_2] Testing Config 1/100: {'e': 6, 'c': 232, 'interval': 1000, 'h': 22}
2026-03-04 23:17:06,574 - DEBUG - Iter 1/1 for strat_2_as-caida20071105_lhs1_20260304_231705...
2026-03-04 23:17:06,574 - DEBUG - Running: java -cp fastutil-8.2.2.jar:mosso-strat_2.jar mosso.Run datasets/as-caida20071105.txt strat_2_as-caida20071105_lhs1_20260304_231705_run1 mosso 6 232 1000 22
2026-03-04 23:17:17,789 - INFO - [as-caida20071105 | strat_2] Testing Config 2/100: {'e': 8, 'c': 173, 'interval': 1000, 'h': 17}
2026-03-04 23:17:17,789 - DEBUG - Iter 1/1 for strat_2_as-caida20071105_lhs2_20260304_231705...
2026-03-04 23:17:17,789 - DEBUG - Running: java -cp fastutil-8.2.2.jar:mosso-strat_2.jar mosso.Run datasets/as-caida20071105.txt strat_2_as-caida20071105_lhs2_20260304_231705_run1 mosso 8 173 1000 17
2026-03-04 23:17:28,915 - INFO - [as-caida20071105 | strat_2] Testing Config 3/100: {'e': 4, 'c': 184, 'interval': 1000, 'h': 8}
2026-03-04 23:17:28,915 - DEBUG - Iter 1/1 for strat_2_as-caida20071105_lhs3_20260304_231705...
2026-03-04 23:17:28,915 - DEBUG - Running: java -cp fastutil-8.2.2.jar:mosso-strat_2.jar mosso.Run datasets/as-caida20071105.txt strat_2_as-caida20071105_lhs3_20260304_231705_run1 mosso 4 184 1000 8
2026-03-04 23:17:39,244 - INFO - [as-caida20071105 | strat_2] Testing Config 4/100: {'e': 3, 'c': 93, 'interval': 1000, 'h': 27}
2026-03-04 23:17:39,244 - DEBUG - Iter 1/1 for strat_2_as-caida20071105_lhs4_20260304_231705...
2026-03-04 23:17:39,245 - DEBUG - Running: java -cp fastutil-8.2.2.jar:mosso-strat_2.jar mosso.Run datasets/as-caida20071105.txt strat_2_as-caida20071105_lhs4_20260304_231705_run1 mosso 3 93 1000 27
2026-03-04 23:17:44,272 - INFO - [as-caida20071105 | strat_2] Testing Config 5/100: {'e': 5, 'c': 121, 'interval': 1000, 'h': 12}
2026-03-04 23:17:44,272 - DEBUG - Iter 1/1 for strat_2_as-caida20071105_lhs5_20260304_231705...
2026-03-04 23:17:44,272 - DEBUG - Running: java -cp fastutil-8.2.2.jar:mosso-strat_2.jar mosso.Run datasets/as-caida20071105.txt strat_2_as-caida20071105_lhs5_20260304_231705_run1 mosso 5 121 1000 12
2026-03-04 23:17:50,889 - INFO - [as-caida20071105 | strat_2] Testing Config 6/100: {'e': 5, 'c': 201, 'interval': 1000, 'h': 28}
2026-03-04 23:17:50,889 - DEBUG - Iter 1/1 for strat_2_as-caida20071105_lhs6_20260304_231705...
2026-03-04 23:17:50,889 - DEBUG - Running: java -cp fastutil-8.2.2.jar:mosso-strat_2.jar mosso.Run datasets/as-caida20071105.txt strat_2_as-caida20071105_lhs6_20260304_231705_run1 mosso 5 201 1000 28
2026-03-04 23:18:03,653 - INFO - [as-caida20071105 | strat_2] Testing Config 7/100: {'e': 1, 'c': 223, 'interval': 1000, 'h': 5}
2026-03-04 23:18:03,653 - DEBUG - Iter 1/1 for strat_2_as-caida20071105_lhs7_20260304_231705...
2026-03-04 23:18:03,654 - DEBUG - Running: java -cp fastutil-8.2.2.jar:mosso-strat_2.jar mosso.Run datasets/as-caida20071105.txt strat_2_as-caida20071105_lhs7_20260304_231705_run1 mosso 1 223 1000 5
2026-03-04 23:18:16,946 - INFO - [as-caida20071105 | strat_2] Testing Config 8/100: {'e': 7, 'c': 236, 'interval': 1000, 'h': 15}
2026-03-04 23:18:16,946 - DEBUG - Iter 1/1 for strat_2_as-caida20071105_lhs8_20260304_231705...
2026-03-04 23:18:16,946 - DEBUG - Running: java -cp fastutil-8.2.2.jar:mosso-strat_2.jar mosso.Run datasets/as-caida20071105.txt strat_2_as-caida20071105_lhs8_20260304_231705_run1 mosso 7 236 1000 15
2026-03-04 23:18:32,911 - INFO - [as-caida20071105 | strat_2] Testing Config 9/100: {'e': 8, 'c': 84, 'interval': 1000, 'h': 23}
2026-03-04 23:18:32,911 - DEBUG - Iter 1/1 for strat_2_as-caida20071105_lhs9_20260304_231705...
2026-03-04 23:18:32,911 - DEBUG - Running: java -cp fastutil-8.2.2.jar:mosso-strat_2.jar mosso.Run datasets/as-caida20071105.txt strat_2_as-caida20071105_lhs9_20260304_231705_run1 mosso 8 84 1000 23
2026-03-04 23:18:37,392 - INFO - [as-caida20071105 | strat_2] Testing Config 10/100: {'e': 6, 'c': 27, 'interval': 1000, 'h': 38}
2026-03-04 23:18:37,392 - DEBUG - Iter 1/1 for strat_2_as-caida20071105_lhs10_20260304_231705...
2026-03-04 23:18:37,392 - DEBUG - Running: java -cp fastutil-8.2.2.jar:mosso-strat_2.jar mosso.Run datasets/as-caida20071105.txt strat_2_as-caida20071105_lhs10_20260304_231705_run1 mosso 6 27 1000 38
2026-03-04 23:18:39,003 - INFO - [as-caida20071105 | strat_2] Testing Config 11/100: {'e': 6, 'c': 42, 'interval': 1000, 'h': 23}
2026-03-04 23:18:39,003 - DEBUG - Iter 1/1 for strat_2_as-caida20071105_lhs11_20260304_231705...
2026-03-04 23:18:39,003 - DEBUG - Running: java -cp fastutil-8.2.2.jar:mosso-strat_2.jar mosso.Run datasets/as-caida20071105.txt strat_2_as-caida20071105_lhs11_20260304_231705_run1 mosso 6 42 1000 23
2026-03-04 23:18:41,298 - INFO - [as-caida20071105 | strat_2] Testing Config 12/100: {'e': 3, 'c': 76, 'interval': 1000, 'h': 26}
2026-03-04 23:18:41,298 - DEBUG - Iter 1/1 for strat_2_as-caida20071105_lhs12_20260304_231705...
2026-03-04 23:18:41,298 - DEBUG - Running: java -cp fastutil-8.2.2.jar:mosso-strat_2.jar mosso.Run datasets/as-caida20071105.txt strat_2_as-caida20071105_lhs12_20260304_231705_run1 mosso 3 76 1000 26
2026-03-04 23:18:45,302 - INFO - [as-caida20071105 | strat_2] Testing Config 13/100: {'e': 1, 'c': 52, 'interval': 1000, 'h': 4}
2026-03-04 23:18:45,302 - DEBUG - Iter 1/1 for strat_2_as-caida20071105_lhs13_20260304_231705...
2026-03-04 23:18:45,302 - DEBUG - Running: java -cp fastutil-8.2.2.jar:mosso-strat_2.jar mosso.Run datasets/as-caida20071105.txt strat_2_as-caida20071105_lhs13_20260304_231705_run1 mosso 1 52 1000 4
2026-03-04 23:18:48,358 - INFO - [as-caida20071105 | strat_2] Testing Config 14/100: {'e': 2, 'c': 123, 'interval': 1000, 'h': 19}
2026-03-04 23:18:48,358 - DEBUG - Iter 1/1 for strat_2_as-caida20071105_lhs14_20260304_231705...
2026-03-04 23:18:48,359 - DEBUG - Running: java -cp fastutil-8.2.2.jar:mosso-strat_2.jar mosso.Run datasets/as-caida20071105.txt strat_2_as-caida20071105_lhs14_20260304_231705_run1 mosso 2 123 1000 19
2026-03-04 23:18:54,091 - INFO - [as-caida20071105 | strat_2] Testing Config 15/100: {'e': 2, 'c': 166, 'interval': 1000, 'h': 39}
2026-03-04 23:18:54,091 - DEBUG - Iter 1/1 for strat_2_as-caida20071105_lhs15_20260304_231705...
2026-03-04 23:18:54,091 - DEBUG - Running: java -cp fastutil-8.2.2.jar:mosso-strat_2.jar mosso.Run datasets/as-caida20071105.txt strat_2_as-caida20071105_lhs15_20260304_231705_run1 mosso 2 166 1000 39
2026-03-04 23:19:03,376 - INFO - [as-caida20071105 | strat_2] Testing Config 16/100: {'e': 2, 'c': 48, 'interval': 1000, 'h': 35}
2026-03-04 23:19:03,376 - DEBUG - Iter 1/1 for strat_2_as-caida20071105_lhs16_20260304_231705...
2026-03-04 23:19:03,377 - DEBUG - Running: java -cp fastutil-8.2.2.jar:mosso-strat_2.jar mosso.Run datasets/as-caida20071105.txt strat_2_as-caida20071105_lhs16_20260304_231705_run1 mosso 2 48 1000 35
2026-03-04 23:19:06,136 - INFO - [as-caida20071105 | strat_2] Testing Config 17/100: {'e': 1, 'c': 195, 'interval': 1000, 'h': 35}
2026-03-04 23:19:06,136 - DEBUG - Iter 1/1 for strat_2_as-caida20071105_lhs17_20260304_231705...
2026-03-04 23:19:06,136 - DEBUG - Running: java -cp fastutil-8.2.2.jar:mosso-strat_2.jar mosso.Run datasets/as-caida20071105.txt strat_2_as-caida20071105_lhs17_20260304_231705_run1 mosso 1 195 1000 35
2026-03-04 23:19:14,675 - INFO - [as-caida20071105 | strat_2] Testing Config 18/100: {'e': 8, 'c': 107, 'interval': 1000, 'h': 28}
2026-03-04 23:19:14,675 - DEBUG - Iter 1/1 for strat_2_as-caida20071105_lhs18_20260304_231705...
2026-03-04 23:19:14,675 - DEBUG - Running: java -cp fastutil-8.2.2.jar:mosso-strat_2.jar mosso.Run datasets/as-caida20071105.txt strat_2_as-caida20071105_lhs18_20260304_231705_run1 mosso 8 107 1000 28
2026-03-04 23:19:20,327 - INFO - [as-caida20071105 | strat_2] Testing Config 19/100: {'e': 3, 'c': 67, 'interval': 1000, 'h': 33}
2026-03-04 23:19:20,327 - DEBUG - Iter 1/1 for strat_2_as-caida20071105_lhs19_20260304_231705...
2026-03-04 23:19:20,328 - DEBUG - Running: java -cp fastutil-8.2.2.jar:mosso-strat_2.jar mosso.Run datasets/as-caida20071105.txt strat_2_as-caida20071105_lhs19_20260304_231705_run1 mosso 3 67 1000 33
2026-03-04 23:19:23,757 - INFO - [as-caida20071105 | strat_2] Testing Config 20/100: {'e': 7, 'c': 182, 'interval': 1000, 'h': 16}
2026-03-04 23:19:23,757 - DEBUG - Iter 1/1 for strat_2_as-caida20071105_lhs20_20260304_231705...
2026-03-04 23:19:23,757 - DEBUG - Running: java -cp fastutil-8.2.2.jar:mosso-strat_2.jar mosso.Run datasets/as-caida20071105.txt strat_2_as-caida20071105_lhs20_20260304_231705_run1 mosso 7 182 1000 16
2026-03-04 23:19:34,322 - INFO - [as-caida20071105 | strat_2] Testing Config 21/100: {'e': 6, 'c': 131, 'interval': 1000, 'h': 4}
2026-03-04 23:19:34,323 - DEBUG - Iter 1/1 for strat_2_as-caida20071105_lhs21_20260304_231705...
2026-03-04 23:19:34,323 - DEBUG - Running: java -cp fastutil-8.2.2.jar:mosso-strat_2.jar mosso.Run datasets/as-caida20071105.txt strat_2_as-caida20071105_lhs21_20260304_231705_run1 mosso 6 131 1000 4
2026-03-04 23:19:41,417 - INFO - [as-caida20071105 | strat_2] Testing Config 22/100: {'e': 8, 'c': 30, 'interval': 1000, 'h': 7}
2026-03-04 23:19:41,417 - DEBUG - Iter 1/1 for strat_2_as-caida20071105_lhs22_20260304_231705...
2026-03-04 23:19:41,417 - DEBUG - Running: java -cp fastutil-8.2.2.jar:mosso-strat_2.jar mosso.Run datasets/as-caida20071105.txt strat_2_as-caida20071105_lhs22_20260304_231705_run1 mosso 8 30 1000 7
2026-03-04 23:19:43,224 - INFO - [as-caida20071105 | strat_2] Testing Config 23/100: {'e': 6, 'c': 143, 'interval': 1000, 'h': 39}
2026-03-04 23:19:43,224 - DEBUG - Iter 1/1 for strat_2_as-caida20071105_lhs23_20260304_231705...
2026-03-04 23:19:43,225 - DEBUG - Running: java -cp fastutil-8.2.2.jar:mosso-strat_2.jar mosso.Run datasets/as-caida20071105.txt strat_2_as-caida20071105_lhs23_20260304_231705_run1 mosso 6 143 1000 39
2026-03-04 23:19:49,992 - INFO - [as-caida20071105 | strat_2] Testing Config 24/100: {'e': 4, 'c': 150, 'interval': 1000, 'h': 13}
2026-03-04 23:19:49,992 - DEBUG - Iter 1/1 for strat_2_as-caida20071105_lhs24_20260304_231705...
2026-03-04 23:19:49,992 - DEBUG - Running: java -cp fastutil-8.2.2.jar:mosso-strat_2.jar mosso.Run datasets/as-caida20071105.txt strat_2_as-caida20071105_lhs24_20260304_231705_run1 mosso 4 150 1000 13
2026-03-04 23:19:57,002 - INFO - [as-caida20071105 | strat_2] Testing Config 25/100: {'e': 3, 'c': 133, 'interval': 1000, 'h': 15}
2026-03-04 23:19:57,002 - DEBUG - Iter 1/1 for strat_2_as-caida20071105_lhs25_20260304_231705...
2026-03-04 23:19:57,002 - DEBUG - Running: java -cp fastutil-8.2.2.jar:mosso-strat_2.jar mosso.Run datasets/as-caida20071105.txt strat_2_as-caida20071105_lhs25_20260304_231705_run1 mosso 3 133 1000 15
2026-03-04 23:20:03,979 - INFO - [as-caida20071105 | strat_2] Testing Config 26/100: {'e': 1, 'c': 57, 'interval': 1000, 'h': 27}
2026-03-04 23:20:03,979 - DEBUG - Iter 1/1 for strat_2_as-caida20071105_lhs26_20260304_231705...
2026-03-04 23:20:03,979 - DEBUG - Running: java -cp fastutil-8.2.2.jar:mosso-strat_2.jar mosso.Run datasets/as-caida20071105.txt strat_2_as-caida20071105_lhs26_20260304_231705_run1 mosso 1 57 1000 27
2026-03-04 23:20:07,086 - INFO - [as-caida20071105 | strat_2] Testing Config 27/100: {'e': 6, 'c': 165, 'interval': 1000, 'h': 9}
2026-03-04 23:20:07,087 - DEBUG - Iter 1/1 for strat_2_as-caida20071105_lhs27_20260304_231705...
2026-03-04 23:20:07,087 - DEBUG - Running: java -cp fastutil-8.2.2.jar:mosso-strat_2.jar mosso.Run datasets/as-caida20071105.txt strat_2_as-caida20071105_lhs27_20260304_231705_run1 mosso 6 165 1000 9
2026-03-04 23:20:16,153 - INFO - [as-caida20071105 | strat_2] Testing Config 28/100: {'e': 6, 'c': 40, 'interval': 1000, 'h': 20}
2026-03-04 23:20:16,153 - DEBUG - Iter 1/1 for strat_2_as-caida20071105_lhs28_20260304_231705...
2026-03-04 23:20:16,154 - DEBUG - Running: java -cp fastutil-8.2.2.jar:mosso-strat_2.jar mosso.Run datasets/as-caida20071105.txt strat_2_as-caida20071105_lhs28_20260304_231705_run1 mosso 6 40 1000 20
2026-03-04 23:20:18,596 - INFO - [as-caida20071105 | strat_2] Testing Config 29/100: {'e': 8, 'c': 208, 'interval': 1000, 'h': 37}
2026-03-04 23:20:18,596 - DEBUG - Iter 1/1 for strat_2_as-caida20071105_lhs29_20260304_231705...
2026-03-04 23:20:18,597 - DEBUG - Running: java -cp fastutil-8.2.2.jar:mosso-strat_2.jar mosso.Run datasets/as-caida20071105.txt strat_2_as-caida20071105_lhs29_20260304_231705_run1 mosso 8 208 1000 37
2026-03-04 23:20:28,634 - INFO - [as-caida20071105 | strat_2] Testing Config 30/100: {'e': 5, 'c': 227, 'interval': 1000, 'h': 16}
2026-03-04 23:20:28,634 - DEBUG - Iter 1/1 for strat_2_as-caida20071105_lhs30_20260304_231705...
2026-03-04 23:20:28,634 - DEBUG - Running: java -cp fastutil-8.2.2.jar:mosso-strat_2.jar mosso.Run datasets/as-caida20071105.txt strat_2_as-caida20071105_lhs30_20260304_231705_run1 mosso 5 227 1000 16
2026-03-04 23:20:38,763 - INFO - [as-caida20071105 | strat_2] Testing Config 31/100: {'e': 3, 'c': 115, 'interval': 1000, 'h': 34}
2026-03-04 23:20:38,764 - DEBUG - Iter 1/1 for strat_2_as-caida20071105_lhs31_20260304_231705...
2026-03-04 23:20:38,764 - DEBUG - Running: java -cp fastutil-8.2.2.jar:mosso-strat_2.jar mosso.Run datasets/as-caida20071105.txt strat_2_as-caida20071105_lhs31_20260304_231705_run1 mosso 3 115 1000 34
2026-03-04 23:20:44,574 - INFO - [as-caida20071105 | strat_2] Testing Config 32/100: {'e': 4, 'c': 207, 'interval': 1000, 'h': 15}
2026-03-04 23:20:44,575 - DEBUG - Iter 1/1 for strat_2_as-caida20071105_lhs32_20260304_231705...
2026-03-04 23:20:44,575 - DEBUG - Running: java -cp fastutil-8.2.2.jar:mosso-strat_2.jar mosso.Run datasets/as-caida20071105.txt strat_2_as-caida20071105_lhs32_20260304_231705_run1 mosso 4 207 1000 15
2026-03-04 23:20:56,154 - INFO - [as-caida20071105 | strat_2] Testing Config 33/100: {'e': 1, 'c': 157, 'interval': 1000, 'h': 5}
2026-03-04 23:20:56,154 - DEBUG - Iter 1/1 for strat_2_as-caida20071105_lhs33_20260304_231705...
2026-03-04 23:20:56,154 - DEBUG - Running: java -cp fastutil-8.2.2.jar:mosso-strat_2.jar mosso.Run datasets/as-caida20071105.txt strat_2_as-caida20071105_lhs33_20260304_231705_run1 mosso 1 157 1000 5
2026-03-04 23:21:05,050 - INFO - [as-caida20071105 | strat_2] Testing Config 34/100: {'e': 7, 'c': 162, 'interval': 1000, 'h': 6}
2026-03-04 23:21:05,050 - DEBUG - Iter 1/1 for strat_2_as-caida20071105_lhs34_20260304_231705...
2026-03-04 23:21:05,050 - DEBUG - Running: java -cp fastutil-8.2.2.jar:mosso-strat_2.jar mosso.Run datasets/as-caida20071105.txt strat_2_as-caida20071105_lhs34_20260304_231705_run1 mosso 7 162 1000 6
2026-03-04 23:21:12,654 - INFO - [as-caida20071105 | strat_2] Testing Config 35/100: {'e': 3, 'c': 196, 'interval': 1000, 'h': 18}
2026-03-04 23:21:12,654 - DEBUG - Iter 1/1 for strat_2_as-caida20071105_lhs35_20260304_231705...
2026-03-04 23:21:12,655 - DEBUG - Running: java -cp fastutil-8.2.2.jar:mosso-strat_2.jar mosso.Run datasets/as-caida20071105.txt strat_2_as-caida20071105_lhs35_20260304_231705_run1 mosso 3 196 1000 18
2026-03-04 23:21:21,495 - INFO - [as-caida20071105 | strat_2] Testing Config 36/100: {'e': 8, 'c': 173, 'interval': 1000, 'h': 31}
2026-03-04 23:21:21,495 - DEBUG - Iter 1/1 for strat_2_as-caida20071105_lhs36_20260304_231705...
2026-03-04 23:21:21,495 - DEBUG - Running: java -cp fastutil-8.2.2.jar:mosso-strat_2.jar mosso.Run datasets/as-caida20071105.txt strat_2_as-caida20071105_lhs36_20260304_231705_run1 mosso 8 173 1000 31
2026-03-04 23:21:29,430 - INFO - [as-caida20071105 | strat_2] Testing Config 37/100: {'e': 5, 'c': 135, 'interval': 1000, 'h': 24}
2026-03-04 23:21:29,430 - DEBUG - Iter 1/1 for strat_2_as-caida20071105_lhs37_20260304_231705...
2026-03-04 23:21:29,430 - DEBUG - Running: java -cp fastutil-8.2.2.jar:mosso-strat_2.jar mosso.Run datasets/as-caida20071105.txt strat_2_as-caida20071105_lhs37_20260304_231705_run1 mosso 5 135 1000 24
2026-03-04 23:21:35,817 - INFO - [as-caida20071105 | strat_2] Testing Config 38/100: {'e': 8, 'c': 18, 'interval': 1000, 'h': 35}
2026-03-04 23:21:35,817 - DEBUG - Iter 1/1 for strat_2_as-caida20071105_lhs38_20260304_231705...
2026-03-04 23:21:35,817 - DEBUG - Running: java -cp fastutil-8.2.2.jar:mosso-strat_2.jar mosso.Run datasets/as-caida20071105.txt strat_2_as-caida20071105_lhs38_20260304_231705_run1 mosso 8 18 1000 35
2026-03-04 23:21:36,937 - INFO - [as-caida20071105 | strat_2] Testing Config 39/100: {'e': 5, 'c': 64, 'interval': 1000, 'h': 24}
2026-03-04 23:21:36,937 - DEBUG - Iter 1/1 for strat_2_as-caida20071105_lhs39_20260304_231705...
2026-03-04 23:21:36,937 - DEBUG - Running: java -cp fastutil-8.2.2.jar:mosso-strat_2.jar mosso.Run datasets/as-caida20071105.txt strat_2_as-caida20071105_lhs39_20260304_231705_run1 mosso 5 64 1000 24
2026-03-04 23:21:41,091 - INFO - [as-caida20071105 | strat_2] Testing Config 40/100: {'e': 1, 'c': 127, 'interval': 1000, 'h': 33}
2026-03-04 23:21:41,091 - DEBUG - Iter 1/1 for strat_2_as-caida20071105_lhs40_20260304_231705...
2026-03-04 23:21:41,091 - DEBUG - Running: java -cp fastutil-8.2.2.jar:mosso-strat_2.jar mosso.Run datasets/as-caida20071105.txt strat_2_as-caida20071105_lhs40_20260304_231705_run1 mosso 1 127 1000 33
2026-03-04 23:21:47,681 - INFO - [as-caida20071105 | strat_2] Testing Config 41/100: {'e': 3, 'c': 156, 'interval': 1000, 'h': 9}
2026-03-04 23:21:47,682 - DEBUG - Iter 1/1 for strat_2_as-caida20071105_lhs41_20260304_231705...
2026-03-04 23:21:47,682 - DEBUG - Running: java -cp fastutil-8.2.2.jar:mosso-strat_2.jar mosso.Run datasets/as-caida20071105.txt strat_2_as-caida20071105_lhs41_20260304_231705_run1 mosso 3 156 1000 9
2026-03-04 23:21:56,175 - INFO - [as-caida20071105 | strat_2] Testing Config 42/100: {'e': 4, 'c': 32, 'interval': 1000, 'h': 25}
2026-03-04 23:21:56,175 - DEBUG - Iter 1/1 for strat_2_as-caida20071105_lhs42_20260304_231705...
2026-03-04 23:21:56,175 - DEBUG - Running: java -cp fastutil-8.2.2.jar:mosso-strat_2.jar mosso.Run datasets/as-caida20071105.txt strat_2_as-caida20071105_lhs42_20260304_231705_run1 mosso 4 32 1000 25
2026-03-04 23:21:58,101 - INFO - [as-caida20071105 | strat_2] Testing Config 43/100: {'e': 4, 'c': 103, 'interval': 1000, 'h': 36}
2026-03-04 23:21:58,101 - DEBUG - Iter 1/1 for strat_2_as-caida20071105_lhs43_20260304_231705...
2026-03-04 23:21:58,101 - DEBUG - Running: java -cp fastutil-8.2.2.jar:mosso-strat_2.jar mosso.Run datasets/as-caida20071105.txt strat_2_as-caida20071105_lhs43_20260304_231705_run1 mosso 4 103 1000 36
2026-03-04 23:22:03,788 - INFO - [as-caida20071105 | strat_2] Testing Config 44/100: {'e': 1, 'c': 120, 'interval': 1000, 'h': 13}
2026-03-04 23:22:03,788 - DEBUG - Iter 1/1 for strat_2_as-caida20071105_lhs44_20260304_231705...
2026-03-04 23:22:03,788 - DEBUG - Running: java -cp fastutil-8.2.2.jar:mosso-strat_2.jar mosso.Run datasets/as-caida20071105.txt strat_2_as-caida20071105_lhs44_20260304_231705_run1 mosso 1 120 1000 13
2026-03-04 23:22:09,192 - INFO - [as-caida20071105 | strat_2] Testing Config 45/100: {'e': 2, 'c': 147, 'interval': 1000, 'h': 33}
2026-03-04 23:22:09,193 - DEBUG - Iter 1/1 for strat_2_as-caida20071105_lhs45_20260304_231705...
2026-03-04 23:22:09,193 - DEBUG - Running: java -cp fastutil-8.2.2.jar:mosso-strat_2.jar mosso.Run datasets/as-caida20071105.txt strat_2_as-caida20071105_lhs45_20260304_231705_run1 mosso 2 147 1000 33
2026-03-04 23:22:16,897 - INFO - [as-caida20071105 | strat_2] Testing Config 46/100: {'e': 4, 'c': 178, 'interval': 1000, 'h': 26}
2026-03-04 23:22:16,898 - DEBUG - Iter 1/1 for strat_2_as-caida20071105_lhs46_20260304_231705...
2026-03-04 23:22:16,898 - DEBUG - Running: java -cp fastutil-8.2.2.jar:mosso-strat_2.jar mosso.Run datasets/as-caida20071105.txt strat_2_as-caida20071105_lhs46_20260304_231705_run1 mosso 4 178 1000 26
2026-03-04 23:22:27,158 - INFO - [as-caida20071105 | strat_2] Testing Config 47/100: {'e': 3, 'c': 38, 'interval': 1000, 'h': 20}
2026-03-04 23:22:27,158 - DEBUG - Iter 1/1 for strat_2_as-caida20071105_lhs47_20260304_231705...
2026-03-04 23:22:27,158 - DEBUG - Running: java -cp fastutil-8.2.2.jar:mosso-strat_2.jar mosso.Run datasets/as-caida20071105.txt strat_2_as-caida20071105_lhs47_20260304_231705_run1 mosso 3 38 1000 20
2026-03-04 23:22:29,445 - INFO - [as-caida20071105 | strat_2] Testing Config 48/100: {'e': 1, 'c': 149, 'interval': 1000, 'h': 24}
2026-03-04 23:22:29,445 - DEBUG - Iter 1/1 for strat_2_as-caida20071105_lhs48_20260304_231705...
2026-03-04 23:22:29,446 - DEBUG - Running: java -cp fastutil-8.2.2.jar:mosso-strat_2.jar mosso.Run datasets/as-caida20071105.txt strat_2_as-caida20071105_lhs48_20260304_231705_run1 mosso 1 149 1000 24
2026-03-04 23:22:36,156 - INFO - [as-caida20071105 | strat_2] Testing Config 49/100: {'e': 2, 'c': 54, 'interval': 1000, 'h': 9}
2026-03-04 23:22:36,157 - DEBUG - Iter 1/1 for strat_2_as-caida20071105_lhs49_20260304_231705...
2026-03-04 23:22:36,157 - DEBUG - Running: java -cp fastutil-8.2.2.jar:mosso-strat_2.jar mosso.Run datasets/as-caida20071105.txt strat_2_as-caida20071105_lhs49_20260304_231705_run1 mosso 2 54 1000 9
2026-03-04 23:22:39,300 - INFO - [as-caida20071105 | strat_2] Testing Config 50/100: {'e': 6, 'c': 12, 'interval': 1000, 'h': 10}
2026-03-04 23:22:39,300 - DEBUG - Iter 1/1 for strat_2_as-caida20071105_lhs50_20260304_231705...
2026-03-04 23:22:39,301 - DEBUG - Running: java -cp fastutil-8.2.2.jar:mosso-strat_2.jar mosso.Run datasets/as-caida20071105.txt strat_2_as-caida20071105_lhs50_20260304_231705_run1 mosso 6 12 1000 10
2026-03-04 23:22:40,236 - INFO - [as-caida20071105 | strat_2] Testing Config 51/100: {'e': 4, 'c': 65, 'interval': 1000, 'h': 25}
2026-03-04 23:22:40,236 - DEBUG - Iter 1/1 for strat_2_as-caida20071105_lhs51_20260304_231705...
2026-03-04 23:22:40,236 - DEBUG - Running: java -cp fastutil-8.2.2.jar:mosso-strat_2.jar mosso.Run datasets/as-caida20071105.txt strat_2_as-caida20071105_lhs51_20260304_231705_run1 mosso 4 65 1000 25
2026-03-04 23:22:43,837 - INFO - [as-caida20071105 | strat_2] Testing Config 52/100: {'e': 2, 'c': 238, 'interval': 1000, 'h': 30}
2026-03-04 23:22:43,837 - DEBUG - Iter 1/1 for strat_2_as-caida20071105_lhs52_20260304_231705...
2026-03-04 23:22:43,837 - DEBUG - Running: java -cp fastutil-8.2.2.jar:mosso-strat_2.jar mosso.Run datasets/as-caida20071105.txt strat_2_as-caida20071105_lhs52_20260304_231705_run1 mosso 2 238 1000 30
2026-03-04 23:22:55,151 - INFO - [as-caida20071105 | strat_2] Testing Config 53/100: {'e': 4, 'c': 83, 'interval': 1000, 'h': 33}
2026-03-04 23:22:55,151 - DEBUG - Iter 1/1 for strat_2_as-caida20071105_lhs53_20260304_231705...
2026-03-04 23:22:55,151 - DEBUG - Running: java -cp fastutil-8.2.2.jar:mosso-strat_2.jar mosso.Run datasets/as-caida20071105.txt strat_2_as-caida20071105_lhs53_20260304_231705_run1 mosso 4 83 1000 33
2026-03-04 23:22:59,380 - INFO - [as-caida20071105 | strat_2] Testing Config 54/100: {'e': 6, 'c': 62, 'interval': 1000, 'h': 14}
2026-03-04 23:22:59,380 - DEBUG - Iter 1/1 for strat_2_as-caida20071105_lhs54_20260304_231705...
2026-03-04 23:22:59,380 - DEBUG - Running: java -cp fastutil-8.2.2.jar:mosso-strat_2.jar mosso.Run datasets/as-caida20071105.txt strat_2_as-caida20071105_lhs54_20260304_231705_run1 mosso 6 62 1000 14
2026-03-04 23:23:02,377 - INFO - [as-caida20071105 | strat_2] Testing Config 55/100: {'e': 8, 'c': 217, 'interval': 1000, 'h': 14}
2026-03-04 23:23:02,378 - DEBUG - Iter 1/1 for strat_2_as-caida20071105_lhs55_20260304_231705...
2026-03-04 23:23:02,378 - DEBUG - Running: java -cp fastutil-8.2.2.jar:mosso-strat_2.jar mosso.Run datasets/as-caida20071105.txt strat_2_as-caida20071105_lhs55_20260304_231705_run1 mosso 8 217 1000 14
2026-03-04 23:23:13,298 - INFO - [as-caida20071105 | strat_2] Testing Config 56/100: {'e': 3, 'c': 96, 'interval': 1000, 'h': 11}
2026-03-04 23:23:13,298 - DEBUG - Iter 1/1 for strat_2_as-caida20071105_lhs56_20260304_231705...
2026-03-04 23:23:13,299 - DEBUG - Running: java -cp fastutil-8.2.2.jar:mosso-strat_2.jar mosso.Run datasets/as-caida20071105.txt strat_2_as-caida20071105_lhs56_20260304_231705_run1 mosso 3 96 1000 11
2026-03-04 23:23:17,821 - INFO - [as-caida20071105 | strat_2] Testing Config 57/100: {'e': 7, 'c': 72, 'interval': 1000, 'h': 21}
2026-03-04 23:23:17,821 - DEBUG - Iter 1/1 for strat_2_as-caida20071105_lhs57_20260304_231705...
2026-03-04 23:23:17,821 - DEBUG - Running: java -cp fastutil-8.2.2.jar:mosso-strat_2.jar mosso.Run datasets/as-caida20071105.txt strat_2_as-caida20071105_lhs57_20260304_231705_run1 mosso 7 72 1000 21
2026-03-04 23:23:21,392 - INFO - [as-caida20071105 | strat_2] Testing Config 58/100: {'e': 5, 'c': 222, 'interval': 1000, 'h': 19}
2026-03-04 23:23:21,392 - DEBUG - Iter 1/1 for strat_2_as-caida20071105_lhs58_20260304_231705...
2026-03-04 23:23:21,392 - DEBUG - Running: java -cp fastutil-8.2.2.jar:mosso-strat_2.jar mosso.Run datasets/as-caida20071105.txt strat_2_as-caida20071105_lhs58_20260304_231705_run1 mosso 5 222 1000 19
2026-03-04 23:23:35,257 - INFO - [as-caida20071105 | strat_2] Testing Config 59/100: {'e': 7, 'c': 37, 'interval': 1000, 'h': 29}
2026-03-04 23:23:35,257 - DEBUG - Iter 1/1 for strat_2_as-caida20071105_lhs59_20260304_231705...
2026-03-04 23:23:35,258 - DEBUG - Running: java -cp fastutil-8.2.2.jar:mosso-strat_2.jar mosso.Run datasets/as-caida20071105.txt strat_2_as-caida20071105_lhs59_20260304_231705_run1 mosso 7 37 1000 29
2026-03-04 23:23:37,120 - INFO - [as-caida20071105 | strat_2] Testing Config 60/100: {'e': 7, 'c': 117, 'interval': 1000, 'h': 7}
2026-03-04 23:23:37,120 - DEBUG - Iter 1/1 for strat_2_as-caida20071105_lhs60_20260304_231705...
2026-03-04 23:23:37,120 - DEBUG - Running: java -cp fastutil-8.2.2.jar:mosso-strat_2.jar mosso.Run datasets/as-caida20071105.txt strat_2_as-caida20071105_lhs60_20260304_231705_run1 mosso 7 117 1000 7
2026-03-04 23:23:43,603 - INFO - [as-caida20071105 | strat_2] Testing Config 61/100: {'e': 5, 'c': 16, 'interval': 1000, 'h': 28}
2026-03-04 23:23:43,603 - DEBUG - Iter 1/1 for strat_2_as-caida20071105_lhs61_20260304_231705...
2026-03-04 23:23:43,604 - DEBUG - Running: java -cp fastutil-8.2.2.jar:mosso-strat_2.jar mosso.Run datasets/as-caida20071105.txt strat_2_as-caida20071105_lhs61_20260304_231705_run1 mosso 5 16 1000 28
2026-03-04 23:23:44,783 - INFO - [as-caida20071105 | strat_2] Testing Config 62/100: {'e': 7, 'c': 20, 'interval': 1000, 'h': 17}
2026-03-04 23:23:44,783 - DEBUG - Iter 1/1 for strat_2_as-caida20071105_lhs62_20260304_231705...
2026-03-04 23:23:44,783 - DEBUG - Running: java -cp fastutil-8.2.2.jar:mosso-strat_2.jar mosso.Run datasets/as-caida20071105.txt strat_2_as-caida20071105_lhs62_20260304_231705_run1 mosso 7 20 1000 17
2026-03-04 23:23:46,401 - INFO - [as-caida20071105 | strat_2] Testing Config 63/100: {'e': 5, 'c': 46, 'interval': 1000, 'h': 26}
2026-03-04 23:23:46,402 - DEBUG - Iter 1/1 for strat_2_as-caida20071105_lhs63_20260304_231705...
2026-03-04 23:23:46,402 - DEBUG - Running: java -cp fastutil-8.2.2.jar:mosso-strat_2.jar mosso.Run datasets/as-caida20071105.txt strat_2_as-caida20071105_lhs63_20260304_231705_run1 mosso 5 46 1000 26
2026-03-04 23:23:48,987 - INFO - [as-caida20071105 | strat_2] Testing Config 64/100: {'e': 2, 'c': 143, 'interval': 1000, 'h': 32}
2026-03-04 23:23:48,987 - DEBUG - Iter 1/1 for strat_2_as-caida20071105_lhs64_20260304_231705...
2026-03-04 23:23:48,988 - DEBUG - Running: java -cp fastutil-8.2.2.jar:mosso-strat_2.jar mosso.Run datasets/as-caida20071105.txt strat_2_as-caida20071105_lhs64_20260304_231705_run1 mosso 2 143 1000 32
2026-03-04 23:23:55,312 - INFO - [as-caida20071105 | strat_2] Testing Config 65/100: {'e': 8, 'c': 100, 'interval': 1000, 'h': 22}
2026-03-04 23:23:55,313 - DEBUG - Iter 1/1 for strat_2_as-caida20071105_lhs65_20260304_231705...
2026-03-04 23:23:55,313 - DEBUG - Running: java -cp fastutil-8.2.2.jar:mosso-strat_2.jar mosso.Run datasets/as-caida20071105.txt strat_2_as-caida20071105_lhs65_20260304_231705_run1 mosso 8 100 1000 22
2026-03-04 23:24:00,591 - INFO - [as-caida20071105 | strat_2] Testing Config 66/100: {'e': 3, 'c': 161, 'interval': 1000, 'h': 21}
2026-03-04 23:24:00,592 - DEBUG - Iter 1/1 for strat_2_as-caida20071105_lhs66_20260304_231705...
2026-03-04 23:24:00,592 - DEBUG - Running: java -cp fastutil-8.2.2.jar:mosso-strat_2.jar mosso.Run datasets/as-caida20071105.txt strat_2_as-caida20071105_lhs66_20260304_231705_run1 mosso 3 161 1000 21
2026-03-04 23:24:09,122 - INFO - [as-caida20071105 | strat_2] Testing Config 67/100: {'e': 1, 'c': 104, 'interval': 1000, 'h': 31}
2026-03-04 23:24:09,122 - DEBUG - Iter 1/1 for strat_2_as-caida20071105_lhs67_20260304_231705...
2026-03-04 23:24:09,122 - DEBUG - Running: java -cp fastutil-8.2.2.jar:mosso-strat_2.jar mosso.Run datasets/as-caida20071105.txt strat_2_as-caida20071105_lhs67_20260304_231705_run1 mosso 1 104 1000 31
2026-03-04 23:24:14,498 - INFO - [as-caida20071105 | strat_2] Testing Config 68/100: {'e': 2, 'c': 169, 'interval': 1000, 'h': 34}
2026-03-04 23:24:14,499 - DEBUG - Iter 1/1 for strat_2_as-caida20071105_lhs68_20260304_231705...
2026-03-04 23:24:14,499 - DEBUG - Running: java -cp fastutil-8.2.2.jar:mosso-strat_2.jar mosso.Run datasets/as-caida20071105.txt strat_2_as-caida20071105_lhs68_20260304_231705_run1 mosso 2 169 1000 34
2026-03-04 23:24:23,606 - INFO - [as-caida20071105 | strat_2] Testing Config 69/100: {'e': 5, 'c': 88, 'interval': 1000, 'h': 30}
2026-03-04 23:24:23,607 - DEBUG - Iter 1/1 for strat_2_as-caida20071105_lhs69_20260304_231705...
2026-03-04 23:24:23,607 - DEBUG - Running: java -cp fastutil-8.2.2.jar:mosso-strat_2.jar mosso.Run datasets/as-caida20071105.txt strat_2_as-caida20071105_lhs69_20260304_231705_run1 mosso 5 88 1000 30
2026-03-04 23:24:28,436 - INFO - [as-caida20071105 | strat_2] Testing Config 70/100: {'e': 7, 'c': 80, 'interval': 1000, 'h': 38}
2026-03-04 23:24:28,437 - DEBUG - Iter 1/1 for strat_2_as-caida20071105_lhs70_20260304_231705...
2026-03-04 23:24:28,437 - DEBUG - Running: java -cp fastutil-8.2.2.jar:mosso-strat_2.jar mosso.Run datasets/as-caida20071105.txt strat_2_as-caida20071105_lhs70_20260304_231705_run1 mosso 7 80 1000 38
2026-03-04 23:24:32,514 - INFO - [as-caida20071105 | strat_2] Testing Config 71/100: {'e': 5, 'c': 111, 'interval': 1000, 'h': 16}
2026-03-04 23:24:32,515 - DEBUG - Iter 1/1 for strat_2_as-caida20071105_lhs71_20260304_231705...
2026-03-04 23:24:32,515 - DEBUG - Running: java -cp fastutil-8.2.2.jar:mosso-strat_2.jar mosso.Run datasets/as-caida20071105.txt strat_2_as-caida20071105_lhs71_20260304_231705_run1 mosso 5 111 1000 16
2026-03-04 23:24:37,794 - INFO - [as-caida20071105 | strat_2] Testing Config 72/100: {'e': 7, 'c': 112, 'interval': 1000, 'h': 31}
2026-03-04 23:24:37,794 - DEBUG - Iter 1/1 for strat_2_as-caida20071105_lhs72_20260304_231705...
2026-03-04 23:24:37,794 - DEBUG - Running: java -cp fastutil-8.2.2.jar:mosso-strat_2.jar mosso.Run datasets/as-caida20071105.txt strat_2_as-caida20071105_lhs72_20260304_231705_run1 mosso 7 112 1000 31
2026-03-04 23:24:43,130 - INFO - [as-caida20071105 | strat_2] Testing Config 73/100: {'e': 8, 'c': 98, 'interval': 1000, 'h': 20}
2026-03-04 23:24:43,130 - DEBUG - Iter 1/1 for strat_2_as-caida20071105_lhs73_20260304_231705...
2026-03-04 23:24:43,130 - DEBUG - Running: java -cp fastutil-8.2.2.jar:mosso-strat_2.jar mosso.Run datasets/as-caida20071105.txt strat_2_as-caida20071105_lhs73_20260304_231705_run1 mosso 8 98 1000 20
2026-03-04 23:24:47,574 - INFO - [as-caida20071105 | strat_2] Testing Config 74/100: {'e': 4, 'c': 213, 'interval': 1000, 'h': 28}
2026-03-04 23:24:47,574 - DEBUG - Iter 1/1 for strat_2_as-caida20071105_lhs74_20260304_231705...
2026-03-04 23:24:47,575 - DEBUG - Running: java -cp fastutil-8.2.2.jar:mosso-strat_2.jar mosso.Run datasets/as-caida20071105.txt strat_2_as-caida20071105_lhs74_20260304_231705_run1 mosso 4 213 1000 28
2026-03-04 23:24:59,889 - INFO - [as-caida20071105 | strat_2] Testing Config 75/100: {'e': 5, 'c': 137, 'interval': 1000, 'h': 12}
2026-03-04 23:24:59,889 - DEBUG - Iter 1/1 for strat_2_as-caida20071105_lhs75_20260304_231705...
2026-03-04 23:24:59,889 - DEBUG - Running: java -cp fastutil-8.2.2.jar:mosso-strat_2.jar mosso.Run datasets/as-caida20071105.txt strat_2_as-caida20071105_lhs75_20260304_231705_run1 mosso 5 137 1000 12
2026-03-04 23:25:06,163 - INFO - [as-caida20071105 | strat_2] Testing Config 76/100: {'e': 7, 'c': 126, 'interval': 1000, 'h': 11}
2026-03-04 23:25:06,163 - DEBUG - Iter 1/1 for strat_2_as-caida20071105_lhs76_20260304_231705...
2026-03-04 23:25:06,163 - DEBUG - Running: java -cp fastutil-8.2.2.jar:mosso-strat_2.jar mosso.Run datasets/as-caida20071105.txt strat_2_as-caida20071105_lhs76_20260304_231705_run1 mosso 7 126 1000 11
2026-03-04 23:25:12,097 - INFO - [as-caida20071105 | strat_2] Testing Config 77/100: {'e': 5, 'c': 199, 'interval': 1000, 'h': 39}
2026-03-04 23:25:12,098 - DEBUG - Iter 1/1 for strat_2_as-caida20071105_lhs77_20260304_231705...
2026-03-04 23:25:12,098 - DEBUG - Running: java -cp fastutil-8.2.2.jar:mosso-strat_2.jar mosso.Run datasets/as-caida20071105.txt strat_2_as-caida20071105_lhs77_20260304_231705_run1 mosso 5 199 1000 39
2026-03-04 23:25:23,754 - INFO - [as-caida20071105 | strat_2] Testing Config 78/100: {'e': 2, 'c': 87, 'interval': 1000, 'h': 7}
2026-03-04 23:25:23,754 - DEBUG - Iter 1/1 for strat_2_as-caida20071105_lhs78_20260304_231705...
2026-03-04 23:25:23,754 - DEBUG - Running: java -cp fastutil-8.2.2.jar:mosso-strat_2.jar mosso.Run datasets/as-caida20071105.txt strat_2_as-caida20071105_lhs78_20260304_231705_run1 mosso 2 87 1000 7
2026-03-04 23:25:27,987 - INFO - [as-caida20071105 | strat_2] Testing Config 79/100: {'e': 1, 'c': 60, 'interval': 1000, 'h': 36}
2026-03-04 23:25:27,988 - DEBUG - Iter 1/1 for strat_2_as-caida20071105_lhs79_20260304_231705...
2026-03-04 23:25:27,988 - DEBUG - Running: java -cp fastutil-8.2.2.jar:mosso-strat_2.jar mosso.Run datasets/as-caida20071105.txt strat_2_as-caida20071105_lhs79_20260304_231705_run1 mosso 1 60 1000 36
2026-03-04 23:25:31,244 - INFO - [as-caida20071105 | strat_2] Testing Config 80/100: {'e': 6, 'c': 211, 'interval': 1000, 'h': 32}
2026-03-04 23:25:31,245 - DEBUG - Iter 1/1 for strat_2_as-caida20071105_lhs80_20260304_231705...
2026-03-04 23:25:31,245 - DEBUG - Running: java -cp fastutil-8.2.2.jar:mosso-strat_2.jar mosso.Run datasets/as-caida20071105.txt strat_2_as-caida20071105_lhs80_20260304_231705_run1 mosso 6 211 1000 32
2026-03-04 23:25:43,919 - INFO - [as-caida20071105 | strat_2] Testing Config 81/100: {'e': 7, 'c': 10, 'interval': 1000, 'h': 8}
2026-03-04 23:25:43,919 - DEBUG - Iter 1/1 for strat_2_as-caida20071105_lhs81_20260304_231705...
2026-03-04 23:25:43,919 - DEBUG - Running: java -cp fastutil-8.2.2.jar:mosso-strat_2.jar mosso.Run datasets/as-caida20071105.txt strat_2_as-caida20071105_lhs81_20260304_231705_run1 mosso 7 10 1000 8
2026-03-04 23:25:44,807 - INFO - [as-caida20071105 | strat_2] Testing Config 82/100: {'e': 7, 'c': 50, 'interval': 1000, 'h': 10}
2026-03-04 23:25:44,807 - DEBUG - Iter 1/1 for strat_2_as-caida20071105_lhs82_20260304_231705...
2026-03-04 23:25:44,808 - DEBUG - Running: java -cp fastutil-8.2.2.jar:mosso-strat_2.jar mosso.Run datasets/as-caida20071105.txt strat_2_as-caida20071105_lhs82_20260304_231705_run1 mosso 7 50 1000 10
2026-03-04 23:25:47,643 - INFO - [as-caida20071105 | strat_2] Testing Config 83/100: {'e': 3, 'c': 203, 'interval': 1000, 'h': 6}
2026-03-04 23:25:47,643 - DEBUG - Iter 1/1 for strat_2_as-caida20071105_lhs83_20260304_231705...
2026-03-04 23:25:47,643 - DEBUG - Running: java -cp fastutil-8.2.2.jar:mosso-strat_2.jar mosso.Run datasets/as-caida20071105.txt strat_2_as-caida20071105_lhs83_20260304_231705_run1 mosso 3 203 1000 6
2026-03-04 23:25:59,561 - INFO - [as-caida20071105 | strat_2] Testing Config 84/100: {'e': 6, 'c': 33, 'interval': 1000, 'h': 17}
2026-03-04 23:25:59,561 - DEBUG - Iter 1/1 for strat_2_as-caida20071105_lhs84_20260304_231705...
2026-03-04 23:25:59,562 - DEBUG - Running: java -cp fastutil-8.2.2.jar:mosso-strat_2.jar mosso.Run datasets/as-caida20071105.txt strat_2_as-caida20071105_lhs84_20260304_231705_run1 mosso 6 33 1000 17
2026-03-04 23:26:01,662 - INFO - [as-caida20071105 | strat_2] Testing Config 85/100: {'e': 1, 'c': 140, 'interval': 1000, 'h': 37}
2026-03-04 23:26:01,663 - DEBUG - Iter 1/1 for strat_2_as-caida20071105_lhs85_20260304_231705...
2026-03-04 23:26:01,663 - DEBUG - Running: java -cp fastutil-8.2.2.jar:mosso-strat_2.jar mosso.Run datasets/as-caida20071105.txt strat_2_as-caida20071105_lhs85_20260304_231705_run1 mosso 1 140 1000 37
2026-03-04 23:26:07,823 - INFO - [as-caida20071105 | strat_2] Testing Config 86/100: {'e': 6, 'c': 215, 'interval': 1000, 'h': 8}
2026-03-04 23:26:07,823 - DEBUG - Iter 1/1 for strat_2_as-caida20071105_lhs86_20260304_231705...
2026-03-04 23:26:07,823 - DEBUG - Running: java -cp fastutil-8.2.2.jar:mosso-strat_2.jar mosso.Run datasets/as-caida20071105.txt strat_2_as-caida20071105_lhs86_20260304_231705_run1 mosso 6 215 1000 8
2026-03-04 23:26:21,045 - INFO - [as-caida20071105 | strat_2] Testing Config 87/100: {'e': 7, 'c': 74, 'interval': 1000, 'h': 24}
2026-03-04 23:26:21,045 - DEBUG - Iter 1/1 for strat_2_as-caida20071105_lhs87_20260304_231705...
2026-03-04 23:26:21,045 - DEBUG - Running: java -cp fastutil-8.2.2.jar:mosso-strat_2.jar mosso.Run datasets/as-caida20071105.txt strat_2_as-caida20071105_lhs87_20260304_231705_run1 mosso 7 74 1000 24
2026-03-04 23:26:24,972 - INFO - [as-caida20071105 | strat_2] Testing Config 88/100: {'e': 8, 'c': 25, 'interval': 1000, 'h': 12}
2026-03-04 23:26:24,972 - DEBUG - Iter 1/1 for strat_2_as-caida20071105_lhs88_20260304_231705...
2026-03-04 23:26:24,973 - DEBUG - Running: java -cp fastutil-8.2.2.jar:mosso-strat_2.jar mosso.Run datasets/as-caida20071105.txt strat_2_as-caida20071105_lhs88_20260304_231705_run1 mosso 8 25 1000 12
2026-03-04 23:26:26,331 - INFO - [as-caida20071105 | strat_2] Testing Config 89/100: {'e': 2, 'c': 189, 'interval': 1000, 'h': 38}
2026-03-04 23:26:26,332 - DEBUG - Iter 1/1 for strat_2_as-caida20071105_lhs89_20260304_231705...
2026-03-04 23:26:26,332 - DEBUG - Running: java -cp fastutil-8.2.2.jar:mosso-strat_2.jar mosso.Run datasets/as-caida20071105.txt strat_2_as-caida20071105_lhs89_20260304_231705_run1 mosso 2 189 1000 38
2026-03-04 23:26:36,649 - INFO - [as-caida20071105 | strat_2] Testing Config 90/100: {'e': 4, 'c': 153, 'interval': 1000, 'h': 11}
2026-03-04 23:26:36,649 - DEBUG - Iter 1/1 for strat_2_as-caida20071105_lhs90_20260304_231705...
2026-03-04 23:26:36,650 - DEBUG - Running: java -cp fastutil-8.2.2.jar:mosso-strat_2.jar mosso.Run datasets/as-caida20071105.txt strat_2_as-caida20071105_lhs90_20260304_231705_run1 mosso 4 153 1000 11
2026-03-04 23:26:43,907 - INFO - [as-caida20071105 | strat_2] Testing Config 91/100: {'e': 4, 'c': 177, 'interval': 1000, 'h': 29}
2026-03-04 23:26:43,908 - DEBUG - Iter 1/1 for strat_2_as-caida20071105_lhs91_20260304_231705...
2026-03-04 23:26:43,908 - DEBUG - Running: java -cp fastutil-8.2.2.jar:mosso-strat_2.jar mosso.Run datasets/as-caida20071105.txt strat_2_as-caida20071105_lhs91_20260304_231705_run1 mosso 4 177 1000 29
2026-03-04 23:26:52,271 - INFO - [as-caida20071105 | strat_2] Testing Config 92/100: {'e': 2, 'c': 233, 'interval': 1000, 'h': 18}
2026-03-04 23:26:52,272 - DEBUG - Iter 1/1 for strat_2_as-caida20071105_lhs92_20260304_231705...
2026-03-04 23:26:52,272 - DEBUG - Running: java -cp fastutil-8.2.2.jar:mosso-strat_2.jar mosso.Run datasets/as-caida20071105.txt strat_2_as-caida20071105_lhs92_20260304_231705_run1 mosso 2 233 1000 18
2026-03-04 23:27:05,556 - INFO - [as-caida20071105 | strat_2] Testing Config 93/100: {'e': 3, 'c': 193, 'interval': 1000, 'h': 5}
2026-03-04 23:27:05,557 - DEBUG - Iter 1/1 for strat_2_as-caida20071105_lhs93_20260304_231705...
2026-03-04 23:27:05,557 - DEBUG - Running: java -cp fastutil-8.2.2.jar:mosso-strat_2.jar mosso.Run datasets/as-caida20071105.txt strat_2_as-caida20071105_lhs93_20260304_231705_run1 mosso 3 193 1000 5
2026-03-04 23:27:14,684 - INFO - [as-caida20071105 | strat_2] Testing Config 94/100: {'e': 8, 'c': 22, 'interval': 1000, 'h': 21}
2026-03-04 23:27:14,684 - DEBUG - Iter 1/1 for strat_2_as-caida20071105_lhs94_20260304_231705...
2026-03-04 23:27:14,685 - DEBUG - Running: java -cp fastutil-8.2.2.jar:mosso-strat_2.jar mosso.Run datasets/as-caida20071105.txt strat_2_as-caida20071105_lhs94_20260304_231705_run1 mosso 8 22 1000 21
2026-03-04 23:27:16,015 - INFO - [as-caida20071105 | strat_2] Testing Config 95/100: {'e': 5, 'c': 182, 'interval': 1000, 'h': 22}
2026-03-04 23:27:16,016 - DEBUG - Iter 1/1 for strat_2_as-caida20071105_lhs95_20260304_231705...
2026-03-04 23:27:16,016 - DEBUG - Running: java -cp fastutil-8.2.2.jar:mosso-strat_2.jar mosso.Run datasets/as-caida20071105.txt strat_2_as-caida20071105_lhs95_20260304_231705_run1 mosso 5 182 1000 22
2026-03-04 23:27:27,052 - INFO - [as-caida20071105 | strat_2] Testing Config 96/100: {'e': 2, 'c': 191, 'interval': 1000, 'h': 18}
2026-03-04 23:27:27,052 - DEBUG - Iter 1/1 for strat_2_as-caida20071105_lhs96_20260304_231705...
2026-03-04 23:27:27,052 - DEBUG - Running: java -cp fastutil-8.2.2.jar:mosso-strat_2.jar mosso.Run datasets/as-caida20071105.txt strat_2_as-caida20071105_lhs96_20260304_231705_run1 mosso 2 191 1000 18
2026-03-04 23:27:37,816 - INFO - [as-caida20071105 | strat_2] Testing Config 97/100: {'e': 4, 'c': 230, 'interval': 1000, 'h': 14}
2026-03-04 23:27:37,816 - DEBUG - Iter 1/1 for strat_2_as-caida20071105_lhs97_20260304_231705...
2026-03-04 23:27:37,817 - DEBUG - Running: java -cp fastutil-8.2.2.jar:mosso-strat_2.jar mosso.Run datasets/as-caida20071105.txt strat_2_as-caida20071105_lhs97_20260304_231705_run1 mosso 4 230 1000 14
2026-03-04 23:27:51,667 - INFO - [as-caida20071105 | strat_2] Testing Config 98/100: {'e': 1, 'c': 90, 'interval': 1000, 'h': 5}
2026-03-04 23:27:51,667 - DEBUG - Iter 1/1 for strat_2_as-caida20071105_lhs98_20260304_231705...
2026-03-04 23:27:51,667 - DEBUG - Running: java -cp fastutil-8.2.2.jar:mosso-strat_2.jar mosso.Run datasets/as-caida20071105.txt strat_2_as-caida20071105_lhs98_20260304_231705_run1 mosso 1 90 1000 5
2026-03-04 23:27:56,632 - INFO - [as-caida20071105 | strat_2] Testing Config 99/100: {'e': 3, 'c': 220, 'interval': 1000, 'h': 29}
2026-03-04 23:27:56,633 - DEBUG - Iter 1/1 for strat_2_as-caida20071105_lhs99_20260304_231705...
2026-03-04 23:27:56,633 - DEBUG - Running: java -cp fastutil-8.2.2.jar:mosso-strat_2.jar mosso.Run datasets/as-caida20071105.txt strat_2_as-caida20071105_lhs99_20260304_231705_run1 mosso 3 220 1000 29
2026-03-04 23:28:06,847 - INFO - [as-caida20071105 | strat_2] Testing Config 100/100: {'e': 1, 'c': 71, 'interval': 1000, 'h': 36}
2026-03-04 23:28:06,847 - DEBUG - Iter 1/1 for strat_2_as-caida20071105_lhs100_20260304_231705...
2026-03-04 23:28:06,847 - DEBUG - Running: java -cp fastutil-8.2.2.jar:mosso-strat_2.jar mosso.Run datasets/as-caida20071105.txt strat_2_as-caida20071105_lhs100_20260304_231705_run1 mosso 1 71 1000 36
2026-03-04 23:28:10,752 - INFO - [Email-Enron | strat_2] Testing Config 1/100: {'e': 7, 'c': 76, 'interval': 1000, 'h': 28}
2026-03-04 23:28:10,753 - DEBUG - Iter 1/1 for strat_2_Email-Enron_lhs1_20260304_231705...
2026-03-04 23:28:10,753 - DEBUG - Running: java -cp fastutil-8.2.2.jar:mosso-strat_2.jar mosso.Run datasets/Email-Enron.txt strat_2_Email-Enron_lhs1_20260304_231705_run1 mosso 7 76 1000 28
2026-03-04 23:28:18,328 - INFO - [Email-Enron | strat_2] Testing Config 2/100: {'e': 1, 'c': 105, 'interval': 1000, 'h': 34}
2026-03-04 23:28:18,328 - DEBUG - Iter 1/1 for strat_2_Email-Enron_lhs2_20260304_231705...
2026-03-04 23:28:18,328 - DEBUG - Running: java -cp fastutil-8.2.2.jar:mosso-strat_2.jar mosso.Run datasets/Email-Enron.txt strat_2_Email-Enron_lhs2_20260304_231705_run1 mosso 1 105 1000 34
2026-03-04 23:28:29,011 - INFO - [Email-Enron | strat_2] Testing Config 3/100: {'e': 8, 'c': 58, 'interval': 1000, 'h': 6}
2026-03-04 23:28:29,012 - DEBUG - Iter 1/1 for strat_2_Email-Enron_lhs3_20260304_231705...
2026-03-04 23:28:29,012 - DEBUG - Running: java -cp fastutil-8.2.2.jar:mosso-strat_2.jar mosso.Run datasets/Email-Enron.txt strat_2_Email-Enron_lhs3_20260304_231705_run1 mosso 8 58 1000 6
2026-03-04 23:28:34,770 - INFO - [Email-Enron | strat_2] Testing Config 4/100: {'e': 5, 'c': 172, 'interval': 1000, 'h': 28}
2026-03-04 23:28:34,771 - DEBUG - Iter 1/1 for strat_2_Email-Enron_lhs4_20260304_231705...
2026-03-04 23:28:34,771 - DEBUG - Running: java -cp fastutil-8.2.2.jar:mosso-strat_2.jar mosso.Run datasets/Email-Enron.txt strat_2_Email-Enron_lhs4_20260304_231705_run1 mosso 5 172 1000 28
2026-03-04 23:28:50,591 - INFO - [Email-Enron | strat_2] Testing Config 5/100: {'e': 3, 'c': 125, 'interval': 1000, 'h': 36}
2026-03-04 23:28:50,591 - DEBUG - Iter 1/1 for strat_2_Email-Enron_lhs5_20260304_231705...
2026-03-04 23:28:50,591 - DEBUG - Running: java -cp fastutil-8.2.2.jar:mosso-strat_2.jar mosso.Run datasets/Email-Enron.txt strat_2_Email-Enron_lhs5_20260304_231705_run1 mosso 3 125 1000 36
2026-03-04 23:29:03,096 - INFO - [Email-Enron | strat_2] Testing Config 6/100: {'e': 5, 'c': 199, 'interval': 1000, 'h': 25}
2026-03-04 23:29:03,096 - DEBUG - Iter 1/1 for strat_2_Email-Enron_lhs6_20260304_231705...
2026-03-04 23:29:03,097 - DEBUG - Running: java -cp fastutil-8.2.2.jar:mosso-strat_2.jar mosso.Run datasets/Email-Enron.txt strat_2_Email-Enron_lhs6_20260304_231705_run1 mosso 5 199 1000 25
2026-03-04 23:29:21,521 - INFO - [Email-Enron | strat_2] Testing Config 7/100: {'e': 6, 'c': 197, 'interval': 1000, 'h': 23}
2026-03-04 23:29:21,521 - DEBUG - Iter 1/1 for strat_2_Email-Enron_lhs7_20260304_231705...
2026-03-04 23:29:21,522 - DEBUG - Running: java -cp fastutil-8.2.2.jar:mosso-strat_2.jar mosso.Run datasets/Email-Enron.txt strat_2_Email-Enron_lhs7_20260304_231705_run1 mosso 6 197 1000 23
2026-03-04 23:29:42,232 - INFO - [Email-Enron | strat_2] Testing Config 8/100: {'e': 1, 'c': 220, 'interval': 1000, 'h': 37}
2026-03-04 23:29:42,232 - DEBUG - Iter 1/1 for strat_2_Email-Enron_lhs8_20260304_231705...
2026-03-04 23:29:42,232 - DEBUG - Running: java -cp fastutil-8.2.2.jar:mosso-strat_2.jar mosso.Run datasets/Email-Enron.txt strat_2_Email-Enron_lhs8_20260304_231705_run1 mosso 1 220 1000 37
2026-03-04 23:30:04,169 - INFO - [Email-Enron | strat_2] Testing Config 9/100: {'e': 6, 'c': 163, 'interval': 1000, 'h': 5}
2026-03-04 23:30:04,169 - DEBUG - Iter 1/1 for strat_2_Email-Enron_lhs9_20260304_231705...
2026-03-04 23:30:04,170 - DEBUG - Running: java -cp fastutil-8.2.2.jar:mosso-strat_2.jar mosso.Run datasets/Email-Enron.txt strat_2_Email-Enron_lhs9_20260304_231705_run1 mosso 6 163 1000 5
2026-03-04 23:30:21,196 - INFO - [Email-Enron | strat_2] Testing Config 10/100: {'e': 7, 'c': 149, 'interval': 1000, 'h': 9}
2026-03-04 23:30:21,196 - DEBUG - Iter 1/1 for strat_2_Email-Enron_lhs10_20260304_231705...
2026-03-04 23:30:21,197 - DEBUG - Running: java -cp fastutil-8.2.2.jar:mosso-strat_2.jar mosso.Run datasets/Email-Enron.txt strat_2_Email-Enron_lhs10_20260304_231705_run1 mosso 7 149 1000 9
2026-03-04 23:30:37,707 - INFO - [Email-Enron | strat_2] Testing Config 11/100: {'e': 2, 'c': 96, 'interval': 1000, 'h': 34}
2026-03-04 23:30:37,708 - DEBUG - Iter 1/1 for strat_2_Email-Enron_lhs11_20260304_231705...
2026-03-04 23:30:37,708 - DEBUG - Running: java -cp fastutil-8.2.2.jar:mosso-strat_2.jar mosso.Run datasets/Email-Enron.txt strat_2_Email-Enron_lhs11_20260304_231705_run1 mosso 2 96 1000 34
2026-03-04 23:30:47,218 - INFO - [Email-Enron | strat_2] Testing Config 12/100: {'e': 4, 'c': 102, 'interval': 1000, 'h': 17}
2026-03-04 23:30:47,218 - DEBUG - Iter 1/1 for strat_2_Email-Enron_lhs12_20260304_231705...
2026-03-04 23:30:47,218 - DEBUG - Running: java -cp fastutil-8.2.2.jar:mosso-strat_2.jar mosso.Run datasets/Email-Enron.txt strat_2_Email-Enron_lhs12_20260304_231705_run1 mosso 4 102 1000 17
2026-03-04 23:30:57,337 - INFO - [Email-Enron | strat_2] Testing Config 13/100: {'e': 3, 'c': 118, 'interval': 1000, 'h': 5}
2026-03-04 23:30:57,337 - DEBUG - Iter 1/1 for strat_2_Email-Enron_lhs13_20260304_231705...
2026-03-04 23:30:57,337 - DEBUG - Running: java -cp fastutil-8.2.2.jar:mosso-strat_2.jar mosso.Run datasets/Email-Enron.txt strat_2_Email-Enron_lhs13_20260304_231705_run1 mosso 3 118 1000 5
2026-03-04 23:31:08,671 - INFO - [Email-Enron | strat_2] Testing Config 14/100: {'e': 3, 'c': 22, 'interval': 1000, 'h': 37}
2026-03-04 23:31:08,671 - DEBUG - Iter 1/1 for strat_2_Email-Enron_lhs14_20260304_231705...
2026-03-04 23:31:08,671 - DEBUG - Running: java -cp fastutil-8.2.2.jar:mosso-strat_2.jar mosso.Run datasets/Email-Enron.txt strat_2_Email-Enron_lhs14_20260304_231705_run1 mosso 3 22 1000 37
2026-03-04 23:31:11,660 - INFO - [Email-Enron | strat_2] Testing Config 15/100: {'e': 3, 'c': 100, 'interval': 1000, 'h': 21}
2026-03-04 23:31:11,660 - DEBUG - Iter 1/1 for strat_2_Email-Enron_lhs15_20260304_231705...
2026-03-04 23:31:11,660 - DEBUG - Running: java -cp fastutil-8.2.2.jar:mosso-strat_2.jar mosso.Run datasets/Email-Enron.txt strat_2_Email-Enron_lhs15_20260304_231705_run1 mosso 3 100 1000 21
2026-03-04 23:31:21,852 - INFO - [Email-Enron | strat_2] Testing Config 16/100: {'e': 4, 'c': 191, 'interval': 1000, 'h': 7}
2026-03-04 23:31:21,852 - DEBUG - Iter 1/1 for strat_2_Email-Enron_lhs16_20260304_231705...
2026-03-04 23:31:21,853 - DEBUG - Running: java -cp fastutil-8.2.2.jar:mosso-strat_2.jar mosso.Run datasets/Email-Enron.txt strat_2_Email-Enron_lhs16_20260304_231705_run1 mosso 4 191 1000 7
2026-03-04 23:31:39,707 - INFO - [Email-Enron | strat_2] Testing Config 17/100: {'e': 4, 'c': 213, 'interval': 1000, 'h': 12}
2026-03-04 23:31:39,707 - DEBUG - Iter 1/1 for strat_2_Email-Enron_lhs17_20260304_231705...
2026-03-04 23:31:39,707 - DEBUG - Running: java -cp fastutil-8.2.2.jar:mosso-strat_2.jar mosso.Run datasets/Email-Enron.txt strat_2_Email-Enron_lhs17_20260304_231705_run1 mosso 4 213 1000 12
2026-03-04 23:32:01,618 - INFO - [Email-Enron | strat_2] Testing Config 18/100: {'e': 3, 'c': 48, 'interval': 1000, 'h': 36}
2026-03-04 23:32:01,618 - DEBUG - Iter 1/1 for strat_2_Email-Enron_lhs18_20260304_231705...
2026-03-04 23:32:01,618 - DEBUG - Running: java -cp fastutil-8.2.2.jar:mosso-strat_2.jar mosso.Run datasets/Email-Enron.txt strat_2_Email-Enron_lhs18_20260304_231705_run1 mosso 3 48 1000 36
2026-03-04 23:32:07,104 - INFO - [Email-Enron | strat_2] Testing Config 19/100: {'e': 2, 'c': 174, 'interval': 1000, 'h': 33}
2026-03-04 23:32:07,104 - DEBUG - Iter 1/1 for strat_2_Email-Enron_lhs19_20260304_231705...
2026-03-04 23:32:07,104 - DEBUG - Running: java -cp fastutil-8.2.2.jar:mosso-strat_2.jar mosso.Run datasets/Email-Enron.txt strat_2_Email-Enron_lhs19_20260304_231705_run1 mosso 2 174 1000 33
2026-03-04 23:32:23,792 - INFO - [Email-Enron | strat_2] Testing Config 20/100: {'e': 7, 'c': 160, 'interval': 1000, 'h': 8}
2026-03-04 23:32:23,793 - DEBUG - Iter 1/1 for strat_2_Email-Enron_lhs20_20260304_231705...
2026-03-04 23:32:23,793 - DEBUG - Running: java -cp fastutil-8.2.2.jar:mosso-strat_2.jar mosso.Run datasets/Email-Enron.txt strat_2_Email-Enron_lhs20_20260304_231705_run1 mosso 7 160 1000 8
2026-03-04 23:32:40,850 - INFO - [Email-Enron | strat_2] Testing Config 21/100: {'e': 2, 'c': 27, 'interval': 1000, 'h': 10}
2026-03-04 23:32:40,851 - DEBUG - Iter 1/1 for strat_2_Email-Enron_lhs21_20260304_231705...
2026-03-04 23:32:40,851 - DEBUG - Running: java -cp fastutil-8.2.2.jar:mosso-strat_2.jar mosso.Run datasets/Email-Enron.txt strat_2_Email-Enron_lhs21_20260304_231705_run1 mosso 2 27 1000 10
2026-03-04 23:32:44,456 - INFO - [Email-Enron | strat_2] Testing Config 22/100: {'e': 5, 'c': 53, 'interval': 1000, 'h': 18}
2026-03-04 23:32:44,456 - DEBUG - Iter 1/1 for strat_2_Email-Enron_lhs22_20260304_231705...
2026-03-04 23:32:44,456 - DEBUG - Running: java -cp fastutil-8.2.2.jar:mosso-strat_2.jar mosso.Run datasets/Email-Enron.txt strat_2_Email-Enron_lhs22_20260304_231705_run1 mosso 5 53 1000 18
2026-03-04 23:32:50,314 - INFO - [Email-Enron | strat_2] Testing Config 23/100: {'e': 6, 'c': 150, 'interval': 1000, 'h': 14}
2026-03-04 23:32:50,314 - DEBUG - Iter 1/1 for strat_2_Email-Enron_lhs23_20260304_231705...
2026-03-04 23:32:50,314 - DEBUG - Running: java -cp fastutil-8.2.2.jar:mosso-strat_2.jar mosso.Run datasets/Email-Enron.txt strat_2_Email-Enron_lhs23_20260304_231705_run1 mosso 6 150 1000 14
2026-03-04 23:33:06,050 - INFO - [Email-Enron | strat_2] Testing Config 24/100: {'e': 6, 'c': 168, 'interval': 1000, 'h': 11}
2026-03-04 23:33:06,051 - DEBUG - Iter 1/1 for strat_2_Email-Enron_lhs24_20260304_231705...
2026-03-04 23:33:06,051 - DEBUG - Running: java -cp fastutil-8.2.2.jar:mosso-strat_2.jar mosso.Run datasets/Email-Enron.txt strat_2_Email-Enron_lhs24_20260304_231705_run1 mosso 6 168 1000 11
2026-03-04 23:33:23,296 - INFO - [Email-Enron | strat_2] Testing Config 25/100: {'e': 3, 'c': 17, 'interval': 1000, 'h': 24}
2026-03-04 23:33:23,297 - DEBUG - Iter 1/1 for strat_2_Email-Enron_lhs25_20260304_231705...
2026-03-04 23:33:23,297 - DEBUG - Running: java -cp fastutil-8.2.2.jar:mosso-strat_2.jar mosso.Run datasets/Email-Enron.txt strat_2_Email-Enron_lhs25_20260304_231705_run1 mosso 3 17 1000 24
2026-03-04 23:33:26,203 - INFO - [Email-Enron | strat_2] Testing Config 26/100: {'e': 8, 'c': 112, 'interval': 1000, 'h': 35}
2026-03-04 23:33:26,203 - DEBUG - Iter 1/1 for strat_2_Email-Enron_lhs26_20260304_231705...
2026-03-04 23:33:26,203 - DEBUG - Running: java -cp fastutil-8.2.2.jar:mosso-strat_2.jar mosso.Run datasets/Email-Enron.txt strat_2_Email-Enron_lhs26_20260304_231705_run1 mosso 8 112 1000 35
2026-03-04 23:33:37,624 - INFO - [Email-Enron | strat_2] Testing Config 27/100: {'e': 7, 'c': 168, 'interval': 1000, 'h': 27}
2026-03-04 23:33:37,624 - DEBUG - Iter 1/1 for strat_2_Email-Enron_lhs27_20260304_231705...
2026-03-04 23:33:37,624 - DEBUG - Running: java -cp fastutil-8.2.2.jar:mosso-strat_2.jar mosso.Run datasets/Email-Enron.txt strat_2_Email-Enron_lhs27_20260304_231705_run1 mosso 7 168 1000 27
2026-03-04 23:33:53,839 - INFO - [Email-Enron | strat_2] Testing Config 28/100: {'e': 1, 'c': 183, 'interval': 1000, 'h': 24}
2026-03-04 23:33:53,840 - DEBUG - Iter 1/1 for strat_2_Email-Enron_lhs28_20260304_231705...
2026-03-04 23:33:53,840 - DEBUG - Running: java -cp fastutil-8.2.2.jar:mosso-strat_2.jar mosso.Run datasets/Email-Enron.txt strat_2_Email-Enron_lhs28_20260304_231705_run1 mosso 1 183 1000 24
2026-03-04 23:34:10,262 - INFO - [Email-Enron | strat_2] Testing Config 29/100: {'e': 5, 'c': 204, 'interval': 1000, 'h': 17}
2026-03-04 23:34:10,262 - DEBUG - Iter 1/1 for strat_2_Email-Enron_lhs29_20260304_231705...
2026-03-04 23:34:10,262 - DEBUG - Running: java -cp fastutil-8.2.2.jar:mosso-strat_2.jar mosso.Run datasets/Email-Enron.txt strat_2_Email-Enron_lhs29_20260304_231705_run1 mosso 5 204 1000 17
2026-03-04 23:34:31,451 - INFO - [Email-Enron | strat_2] Testing Config 30/100: {'e': 2, 'c': 107, 'interval': 1000, 'h': 35}
2026-03-04 23:34:31,451 - DEBUG - Iter 1/1 for strat_2_Email-Enron_lhs30_20260304_231705...
2026-03-04 23:34:31,451 - DEBUG - Running: java -cp fastutil-8.2.2.jar:mosso-strat_2.jar mosso.Run datasets/Email-Enron.txt strat_2_Email-Enron_lhs30_20260304_231705_run1 mosso 2 107 1000 35
2026-03-04 23:34:42,166 - INFO - [Email-Enron | strat_2] Testing Config 31/100: {'e': 6, 'c': 124, 'interval': 1000, 'h': 35}
2026-03-04 23:34:42,167 - DEBUG - Iter 1/1 for strat_2_Email-Enron_lhs31_20260304_231705...
2026-03-04 23:34:42,167 - DEBUG - Running: java -cp fastutil-8.2.2.jar:mosso-strat_2.jar mosso.Run datasets/Email-Enron.txt strat_2_Email-Enron_lhs31_20260304_231705_run1 mosso 6 124 1000 35
2026-03-04 23:34:54,975 - INFO - [Email-Enron | strat_2] Testing Config 32/100: {'e': 3, 'c': 50, 'interval': 1000, 'h': 30}
2026-03-04 23:34:54,975 - DEBUG - Iter 1/1 for strat_2_Email-Enron_lhs32_20260304_231705...
2026-03-04 23:34:54,975 - DEBUG - Running: java -cp fastutil-8.2.2.jar:mosso-strat_2.jar mosso.Run datasets/Email-Enron.txt strat_2_Email-Enron_lhs32_20260304_231705_run1 mosso 3 50 1000 30
2026-03-04 23:35:00,900 - INFO - [Email-Enron | strat_2] Testing Config 33/100: {'e': 3, 'c': 73, 'interval': 1000, 'h': 39}
2026-03-04 23:35:00,901 - DEBUG - Iter 1/1 for strat_2_Email-Enron_lhs33_20260304_231705...
2026-03-04 23:35:00,901 - DEBUG - Running: java -cp fastutil-8.2.2.jar:mosso-strat_2.jar mosso.Run datasets/Email-Enron.txt strat_2_Email-Enron_lhs33_20260304_231705_run1 mosso 3 73 1000 39
2026-03-04 23:35:08,537 - INFO - [Email-Enron | strat_2] Testing Config 34/100: {'e': 8, 'c': 208, 'interval': 1000, 'h': 13}
2026-03-04 23:35:08,537 - DEBUG - Iter 1/1 for strat_2_Email-Enron_lhs34_20260304_231705...
2026-03-04 23:35:08,538 - DEBUG - Running: java -cp fastutil-8.2.2.jar:mosso-strat_2.jar mosso.Run datasets/Email-Enron.txt strat_2_Email-Enron_lhs34_20260304_231705_run1 mosso 8 208 1000 13
2026-03-04 23:35:28,164 - INFO - [Email-Enron | strat_2] Testing Config 35/100: {'e': 7, 'c': 191, 'interval': 1000, 'h': 25}
2026-03-04 23:35:28,164 - DEBUG - Iter 1/1 for strat_2_Email-Enron_lhs35_20260304_231705...
2026-03-04 23:35:28,165 - DEBUG - Running: java -cp fastutil-8.2.2.jar:mosso-strat_2.jar mosso.Run datasets/Email-Enron.txt strat_2_Email-Enron_lhs35_20260304_231705_run1 mosso 7 191 1000 25
2026-03-04 23:35:46,366 - INFO - [Email-Enron | strat_2] Testing Config 36/100: {'e': 1, 'c': 138, 'interval': 1000, 'h': 16}
2026-03-04 23:35:46,367 - DEBUG - Iter 1/1 for strat_2_Email-Enron_lhs36_20260304_231705...
2026-03-04 23:35:46,367 - DEBUG - Running: java -cp fastutil-8.2.2.jar:mosso-strat_2.jar mosso.Run datasets/Email-Enron.txt strat_2_Email-Enron_lhs36_20260304_231705_run1 mosso 1 138 1000 16
2026-03-04 23:36:00,093 - INFO - [Email-Enron | strat_2] Testing Config 37/100: {'e': 5, 'c': 187, 'interval': 1000, 'h': 11}
2026-03-04 23:36:00,093 - DEBUG - Iter 1/1 for strat_2_Email-Enron_lhs37_20260304_231705...
2026-03-04 23:36:00,093 - DEBUG - Running: java -cp fastutil-8.2.2.jar:mosso-strat_2.jar mosso.Run datasets/Email-Enron.txt strat_2_Email-Enron_lhs37_20260304_231705_run1 mosso 5 187 1000 11
2026-03-04 23:36:18,064 - INFO - [Email-Enron | strat_2] Testing Config 38/100: {'e': 6, 'c': 231, 'interval': 1000, 'h': 9}
2026-03-04 23:36:18,064 - DEBUG - Iter 1/1 for strat_2_Email-Enron_lhs38_20260304_231705...
2026-03-04 23:36:18,064 - DEBUG - Running: java -cp fastutil-8.2.2.jar:mosso-strat_2.jar mosso.Run datasets/Email-Enron.txt strat_2_Email-Enron_lhs38_20260304_231705_run1 mosso 6 231 1000 9
2026-03-04 23:36:42,696 - INFO - [Email-Enron | strat_2] Testing Config 39/100: {'e': 3, 'c': 153, 'interval': 1000, 'h': 20}
2026-03-04 23:36:42,697 - DEBUG - Iter 1/1 for strat_2_Email-Enron_lhs39_20260304_231705...
2026-03-04 23:36:42,697 - DEBUG - Running: java -cp fastutil-8.2.2.jar:mosso-strat_2.jar mosso.Run datasets/Email-Enron.txt strat_2_Email-Enron_lhs39_20260304_231705_run1 mosso 3 153 1000 20
2026-03-04 23:36:57,967 - INFO - [Email-Enron | strat_2] Testing Config 40/100: {'e': 5, 'c': 85, 'interval': 1000, 'h': 32}
2026-03-04 23:36:57,967 - DEBUG - Iter 1/1 for strat_2_Email-Enron_lhs40_20260304_231705...
2026-03-04 23:36:57,967 - DEBUG - Running: java -cp fastutil-8.2.2.jar:mosso-strat_2.jar mosso.Run datasets/Email-Enron.txt strat_2_Email-Enron_lhs40_20260304_231705_run1 mosso 5 85 1000 32
2026-03-04 23:37:06,130 - INFO - [Email-Enron | strat_2] Testing Config 41/100: {'e': 7, 'c': 64, 'interval': 1000, 'h': 39}
2026-03-04 23:37:06,130 - DEBUG - Iter 1/1 for strat_2_Email-Enron_lhs41_20260304_231705...
2026-03-04 23:37:06,130 - DEBUG - Running: java -cp fastutil-8.2.2.jar:mosso-strat_2.jar mosso.Run datasets/Email-Enron.txt strat_2_Email-Enron_lhs41_20260304_231705_run1 mosso 7 64 1000 39
2026-03-04 23:37:13,070 - INFO - [Email-Enron | strat_2] Testing Config 42/100: {'e': 1, 'c': 83, 'interval': 1000, 'h': 8}
2026-03-04 23:37:13,070 - DEBUG - Iter 1/1 for strat_2_Email-Enron_lhs42_20260304_231705...
2026-03-04 23:37:13,070 - DEBUG - Running: java -cp fastutil-8.2.2.jar:mosso-strat_2.jar mosso.Run datasets/Email-Enron.txt strat_2_Email-Enron_lhs42_20260304_231705_run1 mosso 1 83 1000 8
2026-03-04 23:37:21,478 - INFO - [Email-Enron | strat_2] Testing Config 43/100: {'e': 2, 'c': 194, 'interval': 1000, 'h': 31}
2026-03-04 23:37:21,479 - DEBUG - Iter 1/1 for strat_2_Email-Enron_lhs43_20260304_231705...
2026-03-04 23:37:21,479 - DEBUG - Running: java -cp fastutil-8.2.2.jar:mosso-strat_2.jar mosso.Run datasets/Email-Enron.txt strat_2_Email-Enron_lhs43_20260304_231705_run1 mosso 2 194 1000 31
2026-03-04 23:37:40,185 - INFO - [Email-Enron | strat_2] Testing Config 44/100: {'e': 2, 'c': 14, 'interval': 1000, 'h': 9}
2026-03-04 23:37:40,185 - DEBUG - Iter 1/1 for strat_2_Email-Enron_lhs44_20260304_231705...
2026-03-04 23:37:40,185 - DEBUG - Running: java -cp fastutil-8.2.2.jar:mosso-strat_2.jar mosso.Run datasets/Email-Enron.txt strat_2_Email-Enron_lhs44_20260304_231705_run1 mosso 2 14 1000 9
2026-03-04 23:37:42,514 - INFO - [Email-Enron | strat_2] Testing Config 45/100: {'e': 3, 'c': 179, 'interval': 1000, 'h': 24}
2026-03-04 23:37:42,514 - DEBUG - Iter 1/1 for strat_2_Email-Enron_lhs45_20260304_231705...
2026-03-04 23:37:42,514 - DEBUG - Running: java -cp fastutil-8.2.2.jar:mosso-strat_2.jar mosso.Run datasets/Email-Enron.txt strat_2_Email-Enron_lhs45_20260304_231705_run1 mosso 3 179 1000 24
2026-03-04 23:38:00,955 - INFO - [Email-Enron | strat_2] Testing Config 46/100: {'e': 2, 'c': 56, 'interval': 1000, 'h': 4}
2026-03-04 23:38:00,955 - DEBUG - Iter 1/1 for strat_2_Email-Enron_lhs46_20260304_231705...
2026-03-04 23:38:00,955 - DEBUG - Running: java -cp fastutil-8.2.2.jar:mosso-strat_2.jar mosso.Run datasets/Email-Enron.txt strat_2_Email-Enron_lhs46_20260304_231705_run1 mosso 2 56 1000 4
2026-03-04 23:38:07,288 - INFO - [Email-Enron | strat_2] Testing Config 47/100: {'e': 6, 'c': 90, 'interval': 1000, 'h': 12}
2026-03-04 23:38:07,288 - DEBUG - Iter 1/1 for strat_2_Email-Enron_lhs47_20260304_231705...
2026-03-04 23:38:07,288 - DEBUG - Running: java -cp fastutil-8.2.2.jar:mosso-strat_2.jar mosso.Run datasets/Email-Enron.txt strat_2_Email-Enron_lhs47_20260304_231705_run1 mosso 6 90 1000 12
2026-03-04 23:38:16,063 - INFO - [Email-Enron | strat_2] Testing Config 48/100: {'e': 1, 'c': 206, 'interval': 1000, 'h': 15}
2026-03-04 23:38:16,063 - DEBUG - Iter 1/1 for strat_2_Email-Enron_lhs48_20260304_231705...
2026-03-04 23:38:16,063 - DEBUG - Running: java -cp fastutil-8.2.2.jar:mosso-strat_2.jar mosso.Run datasets/Email-Enron.txt strat_2_Email-Enron_lhs48_20260304_231705_run1 mosso 1 206 1000 15
2026-03-04 23:38:35,218 - INFO - [Email-Enron | strat_2] Testing Config 49/100: {'e': 7, 'c': 92, 'interval': 1000, 'h': 6}
2026-03-04 23:38:35,219 - DEBUG - Iter 1/1 for strat_2_Email-Enron_lhs49_20260304_231705...
2026-03-04 23:38:35,219 - DEBUG - Running: java -cp fastutil-8.2.2.jar:mosso-strat_2.jar mosso.Run datasets/Email-Enron.txt strat_2_Email-Enron_lhs49_20260304_231705_run1 mosso 7 92 1000 6
2026-03-04 23:38:45,049 - INFO - [Email-Enron | strat_2] Testing Config 50/100: {'e': 2, 'c': 13, 'interval': 1000, 'h': 17}
2026-03-04 23:38:45,050 - DEBUG - Iter 1/1 for strat_2_Email-Enron_lhs50_20260304_231705...
2026-03-04 23:38:45,050 - DEBUG - Running: java -cp fastutil-8.2.2.jar:mosso-strat_2.jar mosso.Run datasets/Email-Enron.txt strat_2_Email-Enron_lhs50_20260304_231705_run1 mosso 2 13 1000 17
2026-03-04 23:38:47,536 - INFO - [Email-Enron | strat_2] Testing Config 51/100: {'e': 4, 'c': 20, 'interval': 1000, 'h': 26}
2026-03-04 23:38:47,536 - DEBUG - Iter 1/1 for strat_2_Email-Enron_lhs51_20260304_231705...
2026-03-04 23:38:47,536 - DEBUG - Running: java -cp fastutil-8.2.2.jar:mosso-strat_2.jar mosso.Run datasets/Email-Enron.txt strat_2_Email-Enron_lhs51_20260304_231705_run1 mosso 4 20 1000 26
2026-03-04 23:38:50,590 - INFO - [Email-Enron | strat_2] Testing Config 52/100: {'e': 4, 'c': 40, 'interval': 1000, 'h': 38}
2026-03-04 23:38:50,590 - DEBUG - Iter 1/1 for strat_2_Email-Enron_lhs52_20260304_231705...
2026-03-04 23:38:50,591 - DEBUG - Running: java -cp fastutil-8.2.2.jar:mosso-strat_2.jar mosso.Run datasets/Email-Enron.txt strat_2_Email-Enron_lhs52_20260304_231705_run1 mosso 4 40 1000 38
2026-03-04 23:38:55,055 - INFO - [Email-Enron | strat_2] Testing Config 53/100: {'e': 4, 'c': 228, 'interval': 1000, 'h': 39}
2026-03-04 23:38:55,056 - DEBUG - Iter 1/1 for strat_2_Email-Enron_lhs53_20260304_231705...
2026-03-04 23:38:55,056 - DEBUG - Running: java -cp fastutil-8.2.2.jar:mosso-strat_2.jar mosso.Run datasets/Email-Enron.txt strat_2_Email-Enron_lhs53_20260304_231705_run1 mosso 4 228 1000 39
2026-03-04 23:39:19,530 - INFO - [Email-Enron | strat_2] Testing Config 54/100: {'e': 3, 'c': 181, 'interval': 1000, 'h': 21}
2026-03-04 23:39:19,531 - DEBUG - Iter 1/1 for strat_2_Email-Enron_lhs54_20260304_231705...
2026-03-04 23:39:19,531 - DEBUG - Running: java -cp fastutil-8.2.2.jar:mosso-strat_2.jar mosso.Run datasets/Email-Enron.txt strat_2_Email-Enron_lhs54_20260304_231705_run1 mosso 3 181 1000 21
2026-03-04 23:39:36,438 - INFO - [Email-Enron | strat_2] Testing Config 55/100: {'e': 1, 'c': 226, 'interval': 1000, 'h': 31}
2026-03-04 23:39:36,439 - DEBUG - Iter 1/1 for strat_2_Email-Enron_lhs55_20260304_231705...
2026-03-04 23:39:36,439 - DEBUG - Running: java -cp fastutil-8.2.2.jar:mosso-strat_2.jar mosso.Run datasets/Email-Enron.txt strat_2_Email-Enron_lhs55_20260304_231705_run1 mosso 1 226 1000 31
2026-03-04 23:39:56,809 - INFO - [Email-Enron | strat_2] Testing Config 56/100: {'e': 7, 'c': 186, 'interval': 1000, 'h': 30}
2026-03-04 23:39:56,809 - DEBUG - Iter 1/1 for strat_2_Email-Enron_lhs56_20260304_231705...
2026-03-04 23:39:56,809 - DEBUG - Running: java -cp fastutil-8.2.2.jar:mosso-strat_2.jar mosso.Run datasets/Email-Enron.txt strat_2_Email-Enron_lhs56_20260304_231705_run1 mosso 7 186 1000 30
2026-03-04 23:40:13,940 - INFO - [Email-Enron | strat_2] Testing Config 57/100: {'e': 5, 'c': 25, 'interval': 1000, 'h': 23}
2026-03-04 23:40:13,940 - DEBUG - Iter 1/1 for strat_2_Email-Enron_lhs57_20260304_231705...
2026-03-04 23:40:13,940 - DEBUG - Running: java -cp fastutil-8.2.2.jar:mosso-strat_2.jar mosso.Run datasets/Email-Enron.txt strat_2_Email-Enron_lhs57_20260304_231705_run1 mosso 5 25 1000 23
2026-03-04 23:40:17,095 - INFO - [Email-Enron | strat_2] Testing Config 58/100: {'e': 8, 'c': 218, 'interval': 1000, 'h': 13}
2026-03-04 23:40:17,095 - DEBUG - Iter 1/1 for strat_2_Email-Enron_lhs58_20260304_231705...
2026-03-04 23:40:17,096 - DEBUG - Running: java -cp fastutil-8.2.2.jar:mosso-strat_2.jar mosso.Run datasets/Email-Enron.txt strat_2_Email-Enron_lhs58_20260304_231705_run1 mosso 8 218 1000 13
2026-03-04 23:40:38,513 - INFO - [Email-Enron | strat_2] Testing Config 59/100: {'e': 2, 'c': 55, 'interval': 1000, 'h': 14}
2026-03-04 23:40:38,513 - DEBUG - Iter 1/1 for strat_2_Email-Enron_lhs59_20260304_231705...
2026-03-04 23:40:38,513 - DEBUG - Running: java -cp fastutil-8.2.2.jar:mosso-strat_2.jar mosso.Run datasets/Email-Enron.txt strat_2_Email-Enron_lhs59_20260304_231705_run1 mosso 2 55 1000 14
2026-03-04 23:40:44,941 - INFO - [Email-Enron | strat_2] Testing Config 60/100: {'e': 7, 'c': 28, 'interval': 1000, 'h': 22}
2026-03-04 23:40:44,941 - DEBUG - Iter 1/1 for strat_2_Email-Enron_lhs60_20260304_231705...
2026-03-04 23:40:44,941 - DEBUG - Running: java -cp fastutil-8.2.2.jar:mosso-strat_2.jar mosso.Run datasets/Email-Enron.txt strat_2_Email-Enron_lhs60_20260304_231705_run1 mosso 7 28 1000 22
2026-03-04 23:40:48,628 - INFO - [Email-Enron | strat_2] Testing Config 61/100: {'e': 4, 'c': 237, 'interval': 1000, 'h': 19}
2026-03-04 23:40:48,628 - DEBUG - Iter 1/1 for strat_2_Email-Enron_lhs61_20260304_231705...
2026-03-04 23:40:48,629 - DEBUG - Running: java -cp fastutil-8.2.2.jar:mosso-strat_2.jar mosso.Run datasets/Email-Enron.txt strat_2_Email-Enron_lhs61_20260304_231705_run1 mosso 4 237 1000 19
2026-03-04 23:41:14,343 - INFO - [Email-Enron | strat_2] Testing Config 62/100: {'e': 7, 'c': 177, 'interval': 1000, 'h': 4}
2026-03-04 23:41:14,343 - DEBUG - Iter 1/1 for strat_2_Email-Enron_lhs62_20260304_231705...
2026-03-04 23:41:14,343 - DEBUG - Running: java -cp fastutil-8.2.2.jar:mosso-strat_2.jar mosso.Run datasets/Email-Enron.txt strat_2_Email-Enron_lhs62_20260304_231705_run1 mosso 7 177 1000 4
2026-03-04 23:41:30,800 - INFO - [Email-Enron | strat_2] Testing Config 63/100: {'e': 4, 'c': 134, 'interval': 1000, 'h': 33}
2026-03-04 23:41:30,800 - DEBUG - Iter 1/1 for strat_2_Email-Enron_lhs63_20260304_231705...
2026-03-04 23:41:30,801 - DEBUG - Running: java -cp fastutil-8.2.2.jar:mosso-strat_2.jar mosso.Run datasets/Email-Enron.txt strat_2_Email-Enron_lhs63_20260304_231705_run1 mosso 4 134 1000 33
2026-03-04 23:41:44,256 - INFO - [Email-Enron | strat_2] Testing Config 64/100: {'e': 5, 'c': 212, 'interval': 1000, 'h': 27}
2026-03-04 23:41:44,256 - DEBUG - Iter 1/1 for strat_2_Email-Enron_lhs64_20260304_231705...
2026-03-04 23:41:44,256 - DEBUG - Running: java -cp fastutil-8.2.2.jar:mosso-strat_2.jar mosso.Run datasets/Email-Enron.txt strat_2_Email-Enron_lhs64_20260304_231705_run1 mosso 5 212 1000 27
2026-03-04 23:42:04,324 - INFO - [Email-Enron | strat_2] Testing Config 65/100: {'e': 2, 'c': 146, 'interval': 1000, 'h': 12}
2026-03-04 23:42:04,324 - DEBUG - Iter 1/1 for strat_2_Email-Enron_lhs65_20260304_231705...
2026-03-04 23:42:04,325 - DEBUG - Running: java -cp fastutil-8.2.2.jar:mosso-strat_2.jar mosso.Run datasets/Email-Enron.txt strat_2_Email-Enron_lhs65_20260304_231705_run1 mosso 2 146 1000 12
2026-03-04 23:42:17,805 - INFO - [Email-Enron | strat_2] Testing Config 66/100: {'e': 3, 'c': 164, 'interval': 1000, 'h': 22}
2026-03-04 23:42:17,805 - DEBUG - Iter 1/1 for strat_2_Email-Enron_lhs66_20260304_231705...
2026-03-04 23:42:17,805 - DEBUG - Running: java -cp fastutil-8.2.2.jar:mosso-strat_2.jar mosso.Run datasets/Email-Enron.txt strat_2_Email-Enron_lhs66_20260304_231705_run1 mosso 3 164 1000 22
2026-03-04 23:42:33,278 - INFO - [Email-Enron | strat_2] Testing Config 67/100: {'e': 4, 'c': 239, 'interval': 1000, 'h': 38}
2026-03-04 23:42:33,278 - DEBUG - Iter 1/1 for strat_2_Email-Enron_lhs67_20260304_231705...
2026-03-04 23:42:33,278 - DEBUG - Running: java -cp fastutil-8.2.2.jar:mosso-strat_2.jar mosso.Run datasets/Email-Enron.txt strat_2_Email-Enron_lhs67_20260304_231705_run1 mosso 4 239 1000 38
2026-03-04 23:42:59,352 - INFO - [Email-Enron | strat_2] Testing Config 68/100: {'e': 1, 'c': 69, 'interval': 1000, 'h': 38}
2026-03-04 23:42:59,352 - DEBUG - Iter 1/1 for strat_2_Email-Enron_lhs68_20260304_231705...
2026-03-04 23:42:59,352 - DEBUG - Running: java -cp fastutil-8.2.2.jar:mosso-strat_2.jar mosso.Run datasets/Email-Enron.txt strat_2_Email-Enron_lhs68_20260304_231705_run1 mosso 1 69 1000 38
2026-03-04 23:43:06,541 - INFO - [Email-Enron | strat_2] Testing Config 69/100: {'e': 8, 'c': 234, 'interval': 1000, 'h': 20}
2026-03-04 23:43:06,541 - DEBUG - Iter 1/1 for strat_2_Email-Enron_lhs69_20260304_231705...
2026-03-04 23:43:06,541 - DEBUG - Running: java -cp fastutil-8.2.2.jar:mosso-strat_2.jar mosso.Run datasets/Email-Enron.txt strat_2_Email-Enron_lhs69_20260304_231705_run1 mosso 8 234 1000 20
2026-03-04 23:43:32,876 - INFO - [Email-Enron | strat_2] Testing Config 70/100: {'e': 4, 'c': 76, 'interval': 1000, 'h': 20}
2026-03-04 23:43:32,876 - DEBUG - Iter 1/1 for strat_2_Email-Enron_lhs70_20260304_231705...
2026-03-04 23:43:32,877 - DEBUG - Running: java -cp fastutil-8.2.2.jar:mosso-strat_2.jar mosso.Run datasets/Email-Enron.txt strat_2_Email-Enron_lhs70_20260304_231705_run1 mosso 4 76 1000 20
2026-03-04 23:43:40,603 - INFO - [Email-Enron | strat_2] Testing Config 71/100: {'e': 2, 'c': 128, 'interval': 1000, 'h': 7}
2026-03-04 23:43:40,603 - DEBUG - Iter 1/1 for strat_2_Email-Enron_lhs71_20260304_231705...
2026-03-04 23:43:40,603 - DEBUG - Running: java -cp fastutil-8.2.2.jar:mosso-strat_2.jar mosso.Run datasets/Email-Enron.txt strat_2_Email-Enron_lhs71_20260304_231705_run1 mosso 2 128 1000 7
2026-03-04 23:43:52,893 - INFO - [Email-Enron | strat_2] Testing Config 72/100: {'e': 8, 'c': 115, 'interval': 1000, 'h': 15}
2026-03-04 23:43:52,893 - DEBUG - Iter 1/1 for strat_2_Email-Enron_lhs72_20260304_231705...
2026-03-04 23:43:52,893 - DEBUG - Running: java -cp fastutil-8.2.2.jar:mosso-strat_2.jar mosso.Run datasets/Email-Enron.txt strat_2_Email-Enron_lhs72_20260304_231705_run1 mosso 8 115 1000 15
2026-03-04 23:44:03,367 - INFO - [Email-Enron | strat_2] Testing Config 73/100: {'e': 6, 'c': 223, 'interval': 1000, 'h': 19}
2026-03-04 23:44:03,368 - DEBUG - Iter 1/1 for strat_2_Email-Enron_lhs73_20260304_231705...
2026-03-04 23:44:03,368 - DEBUG - Running: java -cp fastutil-8.2.2.jar:mosso-strat_2.jar mosso.Run datasets/Email-Enron.txt strat_2_Email-Enron_lhs73_20260304_231705_run1 mosso 6 223 1000 19
2026-03-04 23:44:27,105 - INFO - [Email-Enron | strat_2] Testing Config 74/100: {'e': 6, 'c': 43, 'interval': 1000, 'h': 20}
2026-03-04 23:44:27,105 - DEBUG - Iter 1/1 for strat_2_Email-Enron_lhs74_20260304_231705...
2026-03-04 23:44:27,105 - DEBUG - Running: java -cp fastutil-8.2.2.jar:mosso-strat_2.jar mosso.Run datasets/Email-Enron.txt strat_2_Email-Enron_lhs74_20260304_231705_run1 mosso 6 43 1000 20
2026-03-04 23:44:31,884 - INFO - [Email-Enron | strat_2] Testing Config 75/100: {'e': 7, 'c': 81, 'interval': 1000, 'h': 31}
2026-03-04 23:44:31,885 - DEBUG - Iter 1/1 for strat_2_Email-Enron_lhs75_20260304_231705...
2026-03-04 23:44:31,885 - DEBUG - Running: java -cp fastutil-8.2.2.jar:mosso-strat_2.jar mosso.Run datasets/Email-Enron.txt strat_2_Email-Enron_lhs75_20260304_231705_run1 mosso 7 81 1000 31
2026-03-04 23:44:40,308 - INFO - [Email-Enron | strat_2] Testing Config 76/100: {'e': 8, 'c': 158, 'interval': 1000, 'h': 29}
2026-03-04 23:44:40,308 - DEBUG - Iter 1/1 for strat_2_Email-Enron_lhs76_20260304_231705...
2026-03-04 23:44:40,308 - DEBUG - Running: java -cp fastutil-8.2.2.jar:mosso-strat_2.jar mosso.Run datasets/Email-Enron.txt strat_2_Email-Enron_lhs76_20260304_231705_run1 mosso 8 158 1000 29
2026-03-04 23:44:55,272 - INFO - [Email-Enron | strat_2] Testing Config 77/100: {'e': 4, 'c': 109, 'interval': 1000, 'h': 27}
2026-03-04 23:44:55,273 - DEBUG - Iter 1/1 for strat_2_Email-Enron_lhs77_20260304_231705...
2026-03-04 23:44:55,273 - DEBUG - Running: java -cp fastutil-8.2.2.jar:mosso-strat_2.jar mosso.Run datasets/Email-Enron.txt strat_2_Email-Enron_lhs77_20260304_231705_run1 mosso 4 109 1000 27
2026-03-04 23:45:06,060 - INFO - [Email-Enron | strat_2] Testing Config 78/100: {'e': 1, 'c': 144, 'interval': 1000, 'h': 29}
2026-03-04 23:45:06,060 - DEBUG - Iter 1/1 for strat_2_Email-Enron_lhs78_20260304_231705...
2026-03-04 23:45:06,060 - DEBUG - Running: java -cp fastutil-8.2.2.jar:mosso-strat_2.jar mosso.Run datasets/Email-Enron.txt strat_2_Email-Enron_lhs78_20260304_231705_run1 mosso 1 144 1000 29
2026-03-04 23:45:20,243 - INFO - [Email-Enron | strat_2] Testing Config 79/100: {'e': 1, 'c': 92, 'interval': 1000, 'h': 26}
2026-03-04 23:45:20,243 - DEBUG - Iter 1/1 for strat_2_Email-Enron_lhs79_20260304_231705...
2026-03-04 23:45:20,244 - DEBUG - Running: java -cp fastutil-8.2.2.jar:mosso-strat_2.jar mosso.Run datasets/Email-Enron.txt strat_2_Email-Enron_lhs79_20260304_231705_run1 mosso 1 92 1000 26
2026-03-04 23:45:29,855 - INFO - [Email-Enron | strat_2] Testing Config 80/100: {'e': 8, 'c': 230, 'interval': 1000, 'h': 16}
2026-03-04 23:45:29,855 - DEBUG - Iter 1/1 for strat_2_Email-Enron_lhs80_20260304_231705...
2026-03-04 23:45:29,856 - DEBUG - Running: java -cp fastutil-8.2.2.jar:mosso-strat_2.jar mosso.Run datasets/Email-Enron.txt strat_2_Email-Enron_lhs80_20260304_231705_run1 mosso 8 230 1000 16
2026-03-04 23:45:55,163 - INFO - [Email-Enron | strat_2] Testing Config 81/100: {'e': 6, 'c': 35, 'interval': 1000, 'h': 36}
2026-03-04 23:45:55,163 - DEBUG - Iter 1/1 for strat_2_Email-Enron_lhs81_20260304_231705...
2026-03-04 23:45:55,164 - DEBUG - Running: java -cp fastutil-8.2.2.jar:mosso-strat_2.jar mosso.Run datasets/Email-Enron.txt strat_2_Email-Enron_lhs81_20260304_231705_run1 mosso 6 35 1000 36
2026-03-04 23:45:59,164 - INFO - [Email-Enron | strat_2] Testing Config 82/100: {'e': 5, 'c': 11, 'interval': 1000, 'h': 16}
2026-03-04 23:45:59,164 - DEBUG - Iter 1/1 for strat_2_Email-Enron_lhs82_20260304_231705...
2026-03-04 23:45:59,164 - DEBUG - Running: java -cp fastutil-8.2.2.jar:mosso-strat_2.jar mosso.Run datasets/Email-Enron.txt strat_2_Email-Enron_lhs82_20260304_231705_run1 mosso 5 11 1000 16
2026-03-04 23:46:01,349 - INFO - [Email-Enron | strat_2] Testing Config 83/100: {'e': 5, 'c': 116, 'interval': 1000, 'h': 14}
2026-03-04 23:46:01,349 - DEBUG - Iter 1/1 for strat_2_Email-Enron_lhs83_20260304_231705...
2026-03-04 23:46:01,349 - DEBUG - Running: java -cp fastutil-8.2.2.jar:mosso-strat_2.jar mosso.Run datasets/Email-Enron.txt strat_2_Email-Enron_lhs83_20260304_231705_run1 mosso 5 116 1000 14
2026-03-04 23:46:13,299 - INFO - [Email-Enron | strat_2] Testing Config 84/100: {'e': 6, 'c': 202, 'interval': 1000, 'h': 18}
2026-03-04 23:46:13,299 - DEBUG - Iter 1/1 for strat_2_Email-Enron_lhs84_20260304_231705...
2026-03-04 23:46:13,300 - DEBUG - Running: java -cp fastutil-8.2.2.jar:mosso-strat_2.jar mosso.Run datasets/Email-Enron.txt strat_2_Email-Enron_lhs84_20260304_231705_run1 mosso 6 202 1000 18
2026-03-04 23:46:34,917 - INFO - [Email-Enron | strat_2] Testing Config 85/100: {'e': 2, 'c': 45, 'interval': 1000, 'h': 34}
2026-03-04 23:46:34,917 - DEBUG - Iter 1/1 for strat_2_Email-Enron_lhs85_20260304_231705...
2026-03-04 23:46:34,918 - DEBUG - Running: java -cp fastutil-8.2.2.jar:mosso-strat_2.jar mosso.Run datasets/Email-Enron.txt strat_2_Email-Enron_lhs85_20260304_231705_run1 mosso 2 45 1000 34
2026-03-04 23:46:40,405 - INFO - [Email-Enron | strat_2] Testing Config 86/100: {'e': 8, 'c': 142, 'interval': 1000, 'h': 10}
2026-03-04 23:46:40,405 - DEBUG - Iter 1/1 for strat_2_Email-Enron_lhs86_20260304_231705...
2026-03-04 23:46:40,405 - DEBUG - Running: java -cp fastutil-8.2.2.jar:mosso-strat_2.jar mosso.Run datasets/Email-Enron.txt strat_2_Email-Enron_lhs86_20260304_231705_run1 mosso 8 142 1000 10
2026-03-04 23:46:53,898 - INFO - [Email-Enron | strat_2] Testing Config 87/100: {'e': 6, 'c': 83, 'interval': 1000, 'h': 25}
2026-03-04 23:46:53,898 - DEBUG - Iter 1/1 for strat_2_Email-Enron_lhs87_20260304_231705...
2026-03-04 23:46:53,898 - DEBUG - Running: java -cp fastutil-8.2.2.jar:mosso-strat_2.jar mosso.Run datasets/Email-Enron.txt strat_2_Email-Enron_lhs87_20260304_231705_run1 mosso 6 83 1000 25
2026-03-04 23:47:02,247 - INFO - [Email-Enron | strat_2] Testing Config 88/100: {'e': 5, 'c': 32, 'interval': 1000, 'h': 26}
2026-03-04 23:47:02,247 - DEBUG - Iter 1/1 for strat_2_Email-Enron_lhs88_20260304_231705...
2026-03-04 23:47:02,247 - DEBUG - Running: java -cp fastutil-8.2.2.jar:mosso-strat_2.jar mosso.Run datasets/Email-Enron.txt strat_2_Email-Enron_lhs88_20260304_231705_run1 mosso 5 32 1000 26
2026-03-04 23:47:06,112 - INFO - [Email-Enron | strat_2] Testing Config 89/100: {'e': 4, 'c': 60, 'interval': 1000, 'h': 22}
2026-03-04 23:47:06,112 - DEBUG - Iter 1/1 for strat_2_Email-Enron_lhs89_20260304_231705...
2026-03-04 23:47:06,113 - DEBUG - Running: java -cp fastutil-8.2.2.jar:mosso-strat_2.jar mosso.Run datasets/Email-Enron.txt strat_2_Email-Enron_lhs89_20260304_231705_run1 mosso 4 60 1000 22
2026-03-04 23:47:12,467 - INFO - [Email-Enron | strat_2] Testing Config 90/100: {'e': 6, 'c': 140, 'interval': 1000, 'h': 8}
2026-03-04 23:47:12,467 - DEBUG - Iter 1/1 for strat_2_Email-Enron_lhs90_20260304_231705...
2026-03-04 23:47:12,467 - DEBUG - Running: java -cp fastutil-8.2.2.jar:mosso-strat_2.jar mosso.Run datasets/Email-Enron.txt strat_2_Email-Enron_lhs90_20260304_231705_run1 mosso 6 140 1000 8
2026-03-04 23:47:27,175 - INFO - [Email-Enron | strat_2] Testing Config 91/100: {'e': 7, 'c': 33, 'interval': 1000, 'h': 18}
2026-03-04 23:47:27,175 - DEBUG - Iter 1/1 for strat_2_Email-Enron_lhs91_20260304_231705...
2026-03-04 23:47:27,175 - DEBUG - Running: java -cp fastutil-8.2.2.jar:mosso-strat_2.jar mosso.Run datasets/Email-Enron.txt strat_2_Email-Enron_lhs91_20260304_231705_run1 mosso 7 33 1000 18
2026-03-04 23:47:31,079 - INFO - [Email-Enron | strat_2] Testing Config 92/100: {'e': 7, 'c': 135, 'interval': 1000, 'h': 33}
2026-03-04 23:47:31,080 - DEBUG - Iter 1/1 for strat_2_Email-Enron_lhs92_20260304_231705...
2026-03-04 23:47:31,080 - DEBUG - Running: java -cp fastutil-8.2.2.jar:mosso-strat_2.jar mosso.Run datasets/Email-Enron.txt strat_2_Email-Enron_lhs92_20260304_231705_run1 mosso 7 135 1000 33
2026-03-04 23:47:44,206 - INFO - [Email-Enron | strat_2] Testing Config 93/100: {'e': 1, 'c': 130, 'interval': 1000, 'h': 13}
2026-03-04 23:47:44,206 - DEBUG - Iter 1/1 for strat_2_Email-Enron_lhs93_20260304_231705...
2026-03-04 23:47:44,206 - DEBUG - Running: java -cp fastutil-8.2.2.jar:mosso-strat_2.jar mosso.Run datasets/Email-Enron.txt strat_2_Email-Enron_lhs93_20260304_231705_run1 mosso 1 130 1000 13
2026-03-04 23:47:57,529 - INFO - [Email-Enron | strat_2] Testing Config 94/100: {'e': 8, 'c': 120, 'interval': 1000, 'h': 6}
2026-03-04 23:47:57,529 - DEBUG - Iter 1/1 for strat_2_Email-Enron_lhs94_20260304_231705...
2026-03-04 23:47:57,529 - DEBUG - Running: java -cp fastutil-8.2.2.jar:mosso-strat_2.jar mosso.Run datasets/Email-Enron.txt strat_2_Email-Enron_lhs94_20260304_231705_run1 mosso 8 120 1000 6
2026-03-04 23:48:09,639 - INFO - [Email-Enron | strat_2] Testing Config 95/100: {'e': 8, 'c': 155, 'interval': 1000, 'h': 11}
2026-03-04 23:48:09,640 - DEBUG - Iter 1/1 for strat_2_Email-Enron_lhs95_20260304_231705...
2026-03-04 23:48:09,640 - DEBUG - Running: java -cp fastutil-8.2.2.jar:mosso-strat_2.jar mosso.Run datasets/Email-Enron.txt strat_2_Email-Enron_lhs95_20260304_231705_run1 mosso 8 155 1000 11
2026-03-04 23:48:25,968 - INFO - [Email-Enron | strat_2] Testing Config 96/100: {'e': 8, 'c': 216, 'interval': 1000, 'h': 30}
2026-03-04 23:48:25,968 - DEBUG - Iter 1/1 for strat_2_Email-Enron_lhs96_20260304_231705...
2026-03-04 23:48:25,968 - DEBUG - Running: java -cp fastutil-8.2.2.jar:mosso-strat_2.jar mosso.Run datasets/Email-Enron.txt strat_2_Email-Enron_lhs96_20260304_231705_run1 mosso 8 216 1000 30
2026-03-04 23:48:49,755 - INFO - [Email-Enron | strat_2] Testing Config 97/100: {'e': 2, 'c': 37, 'interval': 1000, 'h': 28}
2026-03-04 23:48:49,755 - DEBUG - Iter 1/1 for strat_2_Email-Enron_lhs97_20260304_231705...
2026-03-04 23:48:49,756 - DEBUG - Running: java -cp fastutil-8.2.2.jar:mosso-strat_2.jar mosso.Run datasets/Email-Enron.txt strat_2_Email-Enron_lhs97_20260304_231705_run1 mosso 2 37 1000 28
2026-03-04 23:48:54,269 - INFO - [Email-Enron | strat_2] Testing Config 98/100: {'e': 1, 'c': 70, 'interval': 1000, 'h': 5}
2026-03-04 23:48:54,269 - DEBUG - Iter 1/1 for strat_2_Email-Enron_lhs98_20260304_231705...
2026-03-04 23:48:54,270 - DEBUG - Running: java -cp fastutil-8.2.2.jar:mosso-strat_2.jar mosso.Run datasets/Email-Enron.txt strat_2_Email-Enron_lhs98_20260304_231705_run1 mosso 1 70 1000 5
2026-03-04 23:49:01,819 - INFO - [Email-Enron | strat_2] Testing Config 99/100: {'e': 5, 'c': 66, 'interval': 1000, 'h': 5}
2026-03-04 23:49:01,819 - DEBUG - Iter 1/1 for strat_2_Email-Enron_lhs99_20260304_231705...
2026-03-04 23:49:01,819 - DEBUG - Running: java -cp fastutil-8.2.2.jar:mosso-strat_2.jar mosso.Run datasets/Email-Enron.txt strat_2_Email-Enron_lhs99_20260304_231705_run1 mosso 5 66 1000 5
2026-03-04 23:49:08,579 - INFO - [Email-Enron | strat_2] Testing Config 100/100: {'e': 3, 'c': 99, 'interval': 1000, 'h': 32}
2026-03-04 23:49:08,579 - DEBUG - Iter 1/1 for strat_2_Email-Enron_lhs100_20260304_231705...
2026-03-04 23:49:08,580 - DEBUG - Running: java -cp fastutil-8.2.2.jar:mosso-strat_2.jar mosso.Run datasets/Email-Enron.txt strat_2_Email-Enron_lhs100_20260304_231705_run1 mosso 3 99 1000 32
2026-03-04 23:49:18,717 - INFO - [Brightkite_edges | strat_2] Testing Config 1/100: {'e': 7, 'c': 100, 'interval': 1000, 'h': 14}
2026-03-04 23:49:18,717 - DEBUG - Iter 1/1 for strat_2_Brightkite_edges_lhs1_20260304_231705...
2026-03-04 23:49:18,717 - DEBUG - Running: java -cp fastutil-8.2.2.jar:mosso-strat_2.jar mosso.Run datasets/Brightkite_edges.txt strat_2_Brightkite_edges_lhs1_20260304_231705_run1 mosso 7 100 1000 14
2026-03-04 23:49:29,422 - INFO - [Brightkite_edges | strat_2] Testing Config 2/100: {'e': 8, 'c': 102, 'interval': 1000, 'h': 27}
2026-03-04 23:49:29,422 - DEBUG - Iter 1/1 for strat_2_Brightkite_edges_lhs2_20260304_231705...
2026-03-04 23:49:29,422 - DEBUG - Running: java -cp fastutil-8.2.2.jar:mosso-strat_2.jar mosso.Run datasets/Brightkite_edges.txt strat_2_Brightkite_edges_lhs2_20260304_231705_run1 mosso 8 102 1000 27
2026-03-04 23:49:40,881 - INFO - [Brightkite_edges | strat_2] Testing Config 3/100: {'e': 5, 'c': 193, 'interval': 1000, 'h': 22}
2026-03-04 23:49:40,881 - DEBUG - Iter 1/1 for strat_2_Brightkite_edges_lhs3_20260304_231705...
2026-03-04 23:49:40,881 - DEBUG - Running: java -cp fastutil-8.2.2.jar:mosso-strat_2.jar mosso.Run datasets/Brightkite_edges.txt strat_2_Brightkite_edges_lhs3_20260304_231705_run1 mosso 5 193 1000 22
2026-03-04 23:50:02,579 - INFO - [Brightkite_edges | strat_2] Testing Config 4/100: {'e': 6, 'c': 126, 'interval': 1000, 'h': 30}
2026-03-04 23:50:02,579 - DEBUG - Iter 1/1 for strat_2_Brightkite_edges_lhs4_20260304_231705...
2026-03-04 23:50:02,579 - DEBUG - Running: java -cp fastutil-8.2.2.jar:mosso-strat_2.jar mosso.Run datasets/Brightkite_edges.txt strat_2_Brightkite_edges_lhs4_20260304_231705_run1 mosso 6 126 1000 30
2026-03-04 23:50:15,984 - INFO - [Brightkite_edges | strat_2] Testing Config 5/100: {'e': 8, 'c': 54, 'interval': 1000, 'h': 6}
2026-03-04 23:50:15,984 - DEBUG - Iter 1/1 for strat_2_Brightkite_edges_lhs5_20260304_231705...
2026-03-04 23:50:15,985 - DEBUG - Running: java -cp fastutil-8.2.2.jar:mosso-strat_2.jar mosso.Run datasets/Brightkite_edges.txt strat_2_Brightkite_edges_lhs5_20260304_231705_run1 mosso 8 54 1000 6
2026-03-04 23:50:22,598 - INFO - [Brightkite_edges | strat_2] Testing Config 6/100: {'e': 1, 'c': 144, 'interval': 1000, 'h': 31}
2026-03-04 23:50:22,598 - DEBUG - Iter 1/1 for strat_2_Brightkite_edges_lhs6_20260304_231705...
2026-03-04 23:50:22,598 - DEBUG - Running: java -cp fastutil-8.2.2.jar:mosso-strat_2.jar mosso.Run datasets/Brightkite_edges.txt strat_2_Brightkite_edges_lhs6_20260304_231705_run1 mosso 1 144 1000 31
2026-03-04 23:50:37,180 - INFO - [Brightkite_edges | strat_2] Testing Config 7/100: {'e': 6, 'c': 180, 'interval': 1000, 'h': 5}
2026-03-04 23:50:37,180 - DEBUG - Iter 1/1 for strat_2_Brightkite_edges_lhs7_20260304_231705...
2026-03-04 23:50:37,180 - DEBUG - Running: java -cp fastutil-8.2.2.jar:mosso-strat_2.jar mosso.Run datasets/Brightkite_edges.txt strat_2_Brightkite_edges_lhs7_20260304_231705_run1 mosso 6 180 1000 5
2026-03-04 23:50:55,827 - INFO - [Brightkite_edges | strat_2] Testing Config 8/100: {'e': 2, 'c': 140, 'interval': 1000, 'h': 34}
2026-03-04 23:50:55,827 - DEBUG - Iter 1/1 for strat_2_Brightkite_edges_lhs8_20260304_231705...
2026-03-04 23:50:55,827 - DEBUG - Running: java -cp fastutil-8.2.2.jar:mosso-strat_2.jar mosso.Run datasets/Brightkite_edges.txt strat_2_Brightkite_edges_lhs8_20260304_231705_run1 mosso 2 140 1000 34
2026-03-04 23:51:10,037 - INFO - [Brightkite_edges | strat_2] Testing Config 9/100: {'e': 1, 'c': 113, 'interval': 1000, 'h': 4}
2026-03-04 23:51:10,037 - DEBUG - Iter 1/1 for strat_2_Brightkite_edges_lhs9_20260304_231705...
2026-03-04 23:51:10,037 - DEBUG - Running: java -cp fastutil-8.2.2.jar:mosso-strat_2.jar mosso.Run datasets/Brightkite_edges.txt strat_2_Brightkite_edges_lhs9_20260304_231705_run1 mosso 1 113 1000 4
2026-03-04 23:51:20,869 - INFO - [Brightkite_edges | strat_2] Testing Config 10/100: {'e': 6, 'c': 88, 'interval': 1000, 'h': 32}
2026-03-04 23:51:20,869 - DEBUG - Iter 1/1 for strat_2_Brightkite_edges_lhs10_20260304_231705...
2026-03-04 23:51:20,869 - DEBUG - Running: java -cp fastutil-8.2.2.jar:mosso-strat_2.jar mosso.Run datasets/Brightkite_edges.txt strat_2_Brightkite_edges_lhs10_20260304_231705_run1 mosso 6 88 1000 32
2026-03-04 23:51:30,796 - INFO - [Brightkite_edges | strat_2] Testing Config 11/100: {'e': 1, 'c': 105, 'interval': 1000, 'h': 37}
2026-03-04 23:51:30,796 - DEBUG - Iter 1/1 for strat_2_Brightkite_edges_lhs11_20260304_231705...
2026-03-04 23:51:30,796 - DEBUG - Running: java -cp fastutil-8.2.2.jar:mosso-strat_2.jar mosso.Run datasets/Brightkite_edges.txt strat_2_Brightkite_edges_lhs11_20260304_231705_run1 mosso 1 105 1000 37
2026-03-04 23:51:41,500 - INFO - [Brightkite_edges | strat_2] Testing Config 12/100: {'e': 1, 'c': 186, 'interval': 1000, 'h': 29}
2026-03-04 23:51:41,501 - DEBUG - Iter 1/1 for strat_2_Brightkite_edges_lhs12_20260304_231705...
2026-03-04 23:51:41,501 - DEBUG - Running: java -cp fastutil-8.2.2.jar:mosso-strat_2.jar mosso.Run datasets/Brightkite_edges.txt strat_2_Brightkite_edges_lhs12_20260304_231705_run1 mosso 1 186 1000 29
2026-03-04 23:52:00,774 - INFO - [Brightkite_edges | strat_2] Testing Config 13/100: {'e': 1, 'c': 201, 'interval': 1000, 'h': 24}
2026-03-04 23:52:00,774 - DEBUG - Iter 1/1 for strat_2_Brightkite_edges_lhs13_20260304_231705...
2026-03-04 23:52:00,774 - DEBUG - Running: java -cp fastutil-8.2.2.jar:mosso-strat_2.jar mosso.Run datasets/Brightkite_edges.txt strat_2_Brightkite_edges_lhs13_20260304_231705_run1 mosso 1 201 1000 24
2026-03-04 23:52:19,867 - INFO - [Brightkite_edges | strat_2] Testing Config 14/100: {'e': 1, 'c': 44, 'interval': 1000, 'h': 9}
2026-03-04 23:52:19,867 - DEBUG - Iter 1/1 for strat_2_Brightkite_edges_lhs14_20260304_231705...
2026-03-04 23:52:19,868 - DEBUG - Running: java -cp fastutil-8.2.2.jar:mosso-strat_2.jar mosso.Run datasets/Brightkite_edges.txt strat_2_Brightkite_edges_lhs14_20260304_231705_run1 mosso 1 44 1000 9
2026-03-04 23:52:25,052 - INFO - [Brightkite_edges | strat_2] Testing Config 15/100: {'e': 2, 'c': 221, 'interval': 1000, 'h': 37}
2026-03-04 23:52:25,052 - DEBUG - Iter 1/1 for strat_2_Brightkite_edges_lhs15_20260304_231705...
2026-03-04 23:52:25,052 - DEBUG - Running: java -cp fastutil-8.2.2.jar:mosso-strat_2.jar mosso.Run datasets/Brightkite_edges.txt strat_2_Brightkite_edges_lhs15_20260304_231705_run1 mosso 2 221 1000 37
2026-03-04 23:52:46,587 - INFO - [Brightkite_edges | strat_2] Testing Config 16/100: {'e': 8, 'c': 32, 'interval': 1000, 'h': 13}
2026-03-04 23:52:46,587 - DEBUG - Iter 1/1 for strat_2_Brightkite_edges_lhs16_20260304_231705...
2026-03-04 23:52:46,587 - DEBUG - Running: java -cp fastutil-8.2.2.jar:mosso-strat_2.jar mosso.Run datasets/Brightkite_edges.txt strat_2_Brightkite_edges_lhs16_20260304_231705_run1 mosso 8 32 1000 13
2026-03-04 23:52:50,652 - INFO - [Brightkite_edges | strat_2] Testing Config 17/100: {'e': 4, 'c': 217, 'interval': 1000, 'h': 30}
2026-03-04 23:52:50,652 - DEBUG - Iter 1/1 for strat_2_Brightkite_edges_lhs17_20260304_231705...
2026-03-04 23:52:50,652 - DEBUG - Running: java -cp fastutil-8.2.2.jar:mosso-strat_2.jar mosso.Run datasets/Brightkite_edges.txt strat_2_Brightkite_edges_lhs17_20260304_231705_run1 mosso 4 217 1000 30
2026-03-04 23:53:14,951 - INFO - [Brightkite_edges | strat_2] Testing Config 18/100: {'e': 3, 'c': 208, 'interval': 1000, 'h': 19}
2026-03-04 23:53:14,951 - DEBUG - Iter 1/1 for strat_2_Brightkite_edges_lhs18_20260304_231705...
2026-03-04 23:53:14,951 - DEBUG - Running: java -cp fastutil-8.2.2.jar:mosso-strat_2.jar mosso.Run datasets/Brightkite_edges.txt strat_2_Brightkite_edges_lhs18_20260304_231705_run1 mosso 3 208 1000 19
2026-03-04 23:53:36,817 - INFO - [Brightkite_edges | strat_2] Testing Config 19/100: {'e': 3, 'c': 47, 'interval': 1000, 'h': 15}
2026-03-04 23:53:36,817 - DEBUG - Iter 1/1 for strat_2_Brightkite_edges_lhs19_20260304_231705...
2026-03-04 23:53:36,817 - DEBUG - Running: java -cp fastutil-8.2.2.jar:mosso-strat_2.jar mosso.Run datasets/Brightkite_edges.txt strat_2_Brightkite_edges_lhs19_20260304_231705_run1 mosso 3 47 1000 15
2026-03-04 23:53:42,257 - INFO - [Brightkite_edges | strat_2] Testing Config 20/100: {'e': 7, 'c': 226, 'interval': 1000, 'h': 10}
2026-03-04 23:53:42,257 - DEBUG - Iter 1/1 for strat_2_Brightkite_edges_lhs20_20260304_231705...
2026-03-04 23:53:42,257 - DEBUG - Running: java -cp fastutil-8.2.2.jar:mosso-strat_2.jar mosso.Run datasets/Brightkite_edges.txt strat_2_Brightkite_edges_lhs20_20260304_231705_run1 mosso 7 226 1000 10
2026-03-04 23:54:09,093 - INFO - [Brightkite_edges | strat_2] Testing Config 21/100: {'e': 2, 'c': 113, 'interval': 1000, 'h': 9}
2026-03-04 23:54:09,093 - DEBUG - Iter 1/1 for strat_2_Brightkite_edges_lhs21_20260304_231705...
2026-03-04 23:54:09,094 - DEBUG - Running: java -cp fastutil-8.2.2.jar:mosso-strat_2.jar mosso.Run datasets/Brightkite_edges.txt strat_2_Brightkite_edges_lhs21_20260304_231705_run1 mosso 2 113 1000 9
2026-03-04 23:54:21,032 - INFO - [Brightkite_edges | strat_2] Testing Config 22/100: {'e': 5, 'c': 174, 'interval': 1000, 'h': 20}
2026-03-04 23:54:21,033 - DEBUG - Iter 1/1 for strat_2_Brightkite_edges_lhs22_20260304_231705...
2026-03-04 23:54:21,033 - DEBUG - Running: java -cp fastutil-8.2.2.jar:mosso-strat_2.jar mosso.Run datasets/Brightkite_edges.txt strat_2_Brightkite_edges_lhs22_20260304_231705_run1 mosso 5 174 1000 20
2026-03-04 23:54:38,580 - INFO - [Brightkite_edges | strat_2] Testing Config 23/100: {'e': 7, 'c': 26, 'interval': 1000, 'h': 8}
2026-03-04 23:54:38,580 - DEBUG - Iter 1/1 for strat_2_Brightkite_edges_lhs23_20260304_231705...
2026-03-04 23:54:38,580 - DEBUG - Running: java -cp fastutil-8.2.2.jar:mosso-strat_2.jar mosso.Run datasets/Brightkite_edges.txt strat_2_Brightkite_edges_lhs23_20260304_231705_run1 mosso 7 26 1000 8
2026-03-04 23:54:41,875 - INFO - [Brightkite_edges | strat_2] Testing Config 24/100: {'e': 8, 'c': 203, 'interval': 1000, 'h': 23}
2026-03-04 23:54:41,875 - DEBUG - Iter 1/1 for strat_2_Brightkite_edges_lhs24_20260304_231705...
2026-03-04 23:54:41,875 - DEBUG - Running: java -cp fastutil-8.2.2.jar:mosso-strat_2.jar mosso.Run datasets/Brightkite_edges.txt strat_2_Brightkite_edges_lhs24_20260304_231705_run1 mosso 8 203 1000 23
2026-03-04 23:55:06,940 - INFO - [Brightkite_edges | strat_2] Testing Config 25/100: {'e': 4, 'c': 92, 'interval': 1000, 'h': 29}
2026-03-04 23:55:06,940 - DEBUG - Iter 1/1 for strat_2_Brightkite_edges_lhs25_20260304_231705...
2026-03-04 23:55:06,941 - DEBUG - Running: java -cp fastutil-8.2.2.jar:mosso-strat_2.jar mosso.Run datasets/Brightkite_edges.txt strat_2_Brightkite_edges_lhs25_20260304_231705_run1 mosso 4 92 1000 29
2026-03-04 23:55:16,687 - INFO - [Brightkite_edges | strat_2] Testing Config 26/100: {'e': 8, 'c': 10, 'interval': 1000, 'h': 36}
2026-03-04 23:55:16,688 - DEBUG - Iter 1/1 for strat_2_Brightkite_edges_lhs26_20260304_231705...
2026-03-04 23:55:16,688 - DEBUG - Running: java -cp fastutil-8.2.2.jar:mosso-strat_2.jar mosso.Run datasets/Brightkite_edges.txt strat_2_Brightkite_edges_lhs26_20260304_231705_run1 mosso 8 10 1000 36
2026-03-04 23:55:18,641 - INFO - [Brightkite_edges | strat_2] Testing Config 27/100: {'e': 1, 'c': 64, 'interval': 1000, 'h': 16}
2026-03-04 23:55:18,641 - DEBUG - Iter 1/1 for strat_2_Brightkite_edges_lhs27_20260304_231705...
2026-03-04 23:55:18,642 - DEBUG - Running: java -cp fastutil-8.2.2.jar:mosso-strat_2.jar mosso.Run datasets/Brightkite_edges.txt strat_2_Brightkite_edges_lhs27_20260304_231705_run1 mosso 1 64 1000 16
2026-03-04 23:55:25,445 - INFO - [Brightkite_edges | strat_2] Testing Config 28/100: {'e': 8, 'c': 130, 'interval': 1000, 'h': 24}
2026-03-04 23:55:25,445 - DEBUG - Iter 1/1 for strat_2_Brightkite_edges_lhs28_20260304_231705...
2026-03-04 23:55:25,446 - DEBUG - Running: java -cp fastutil-8.2.2.jar:mosso-strat_2.jar mosso.Run datasets/Brightkite_edges.txt strat_2_Brightkite_edges_lhs28_20260304_231705_run1 mosso 8 130 1000 24
2026-03-04 23:55:39,086 - INFO - [Brightkite_edges | strat_2] Testing Config 29/100: {'e': 6, 'c': 34, 'interval': 1000, 'h': 33}
2026-03-04 23:55:39,087 - DEBUG - Iter 1/1 for strat_2_Brightkite_edges_lhs29_20260304_231705...
2026-03-04 23:55:39,087 - DEBUG - Running: java -cp fastutil-8.2.2.jar:mosso-strat_2.jar mosso.Run datasets/Brightkite_edges.txt strat_2_Brightkite_edges_lhs29_20260304_231705_run1 mosso 6 34 1000 33
2026-03-04 23:55:43,490 - INFO - [Brightkite_edges | strat_2] Testing Config 30/100: {'e': 5, 'c': 37, 'interval': 1000, 'h': 39}
2026-03-04 23:55:43,490 - DEBUG - Iter 1/1 for strat_2_Brightkite_edges_lhs30_20260304_231705...
2026-03-04 23:55:43,491 - DEBUG - Running: java -cp fastutil-8.2.2.jar:mosso-strat_2.jar mosso.Run datasets/Brightkite_edges.txt strat_2_Brightkite_edges_lhs30_20260304_231705_run1 mosso 5 37 1000 39
2026-03-04 23:55:48,053 - INFO - [Brightkite_edges | strat_2] Testing Config 31/100: {'e': 7, 'c': 239, 'interval': 1000, 'h': 22}
2026-03-04 23:55:48,054 - DEBUG - Iter 1/1 for strat_2_Brightkite_edges_lhs31_20260304_231705...
2026-03-04 23:55:48,054 - DEBUG - Running: java -cp fastutil-8.2.2.jar:mosso-strat_2.jar mosso.Run datasets/Brightkite_edges.txt strat_2_Brightkite_edges_lhs31_20260304_231705_run1 mosso 7 239 1000 22
2026-03-04 23:56:17,245 - INFO - [Brightkite_edges | strat_2] Testing Config 32/100: {'e': 6, 'c': 141, 'interval': 1000, 'h': 28}
2026-03-04 23:56:17,245 - DEBUG - Iter 1/1 for strat_2_Brightkite_edges_lhs32_20260304_231705...
2026-03-04 23:56:17,245 - DEBUG - Running: java -cp fastutil-8.2.2.jar:mosso-strat_2.jar mosso.Run datasets/Brightkite_edges.txt strat_2_Brightkite_edges_lhs32_20260304_231705_run1 mosso 6 141 1000 28
2026-03-04 23:56:32,043 - INFO - [Brightkite_edges | strat_2] Testing Config 33/100: {'e': 6, 'c': 68, 'interval': 1000, 'h': 33}
2026-03-04 23:56:32,044 - DEBUG - Iter 1/1 for strat_2_Brightkite_edges_lhs33_20260304_231705...
2026-03-04 23:56:32,044 - DEBUG - Running: java -cp fastutil-8.2.2.jar:mosso-strat_2.jar mosso.Run datasets/Brightkite_edges.txt strat_2_Brightkite_edges_lhs33_20260304_231705_run1 mosso 6 68 1000 33
2026-03-04 23:56:39,537 - INFO - [Brightkite_edges | strat_2] Testing Config 34/100: {'e': 5, 'c': 158, 'interval': 1000, 'h': 25}
2026-03-04 23:56:39,537 - DEBUG - Iter 1/1 for strat_2_Brightkite_edges_lhs34_20260304_231705...
2026-03-04 23:56:39,537 - DEBUG - Running: java -cp fastutil-8.2.2.jar:mosso-strat_2.jar mosso.Run datasets/Brightkite_edges.txt strat_2_Brightkite_edges_lhs34_20260304_231705_run1 mosso 5 158 1000 25
2026-03-04 23:56:57,542 - INFO - [Brightkite_edges | strat_2] Testing Config 35/100: {'e': 7, 'c': 221, 'interval': 1000, 'h': 35}
2026-03-04 23:56:57,542 - DEBUG - Iter 1/1 for strat_2_Brightkite_edges_lhs35_20260304_231705...
2026-03-04 23:56:57,542 - DEBUG - Running: java -cp fastutil-8.2.2.jar:mosso-strat_2.jar mosso.Run datasets/Brightkite_edges.txt strat_2_Brightkite_edges_lhs35_20260304_231705_run1 mosso 7 221 1000 35
2026-03-04 23:57:20,927 - INFO - [Brightkite_edges | strat_2] Testing Config 36/100: {'e': 1, 'c': 228, 'interval': 1000, 'h': 38}
2026-03-04 23:57:20,928 - DEBUG - Iter 1/1 for strat_2_Brightkite_edges_lhs36_20260304_231705...
2026-03-04 23:57:20,928 - DEBUG - Running: java -cp fastutil-8.2.2.jar:mosso-strat_2.jar mosso.Run datasets/Brightkite_edges.txt strat_2_Brightkite_edges_lhs36_20260304_231705_run1 mosso 1 228 1000 38
2026-03-04 23:57:43,988 - INFO - [Brightkite_edges | strat_2] Testing Config 37/100: {'e': 3, 'c': 162, 'interval': 1000, 'h': 16}
2026-03-04 23:57:43,989 - DEBUG - Iter 1/1 for strat_2_Brightkite_edges_lhs37_20260304_231705...
2026-03-04 23:57:43,989 - DEBUG - Running: java -cp fastutil-8.2.2.jar:mosso-strat_2.jar mosso.Run datasets/Brightkite_edges.txt strat_2_Brightkite_edges_lhs37_20260304_231705_run1 mosso 3 162 1000 16
2026-03-04 23:58:00,245 - INFO - [Brightkite_edges | strat_2] Testing Config 38/100: {'e': 4, 'c': 50, 'interval': 1000, 'h': 30}
2026-03-04 23:58:00,245 - DEBUG - Iter 1/1 for strat_2_Brightkite_edges_lhs38_20260304_231705...
2026-03-04 23:58:00,245 - DEBUG - Running: java -cp fastutil-8.2.2.jar:mosso-strat_2.jar mosso.Run datasets/Brightkite_edges.txt strat_2_Brightkite_edges_lhs38_20260304_231705_run1 mosso 4 50 1000 30
2026-03-04 23:58:05,964 - INFO - [Brightkite_edges | strat_2] Testing Config 39/100: {'e': 3, 'c': 38, 'interval': 1000, 'h': 19}
2026-03-04 23:58:05,964 - DEBUG - Iter 1/1 for strat_2_Brightkite_edges_lhs39_20260304_231705...
2026-03-04 23:58:05,964 - DEBUG - Running: java -cp fastutil-8.2.2.jar:mosso-strat_2.jar mosso.Run datasets/Brightkite_edges.txt strat_2_Brightkite_edges_lhs39_20260304_231705_run1 mosso 3 38 1000 19
2026-03-04 23:58:10,537 - INFO - [Brightkite_edges | strat_2] Testing Config 40/100: {'e': 8, 'c': 122, 'interval': 1000, 'h': 39}
2026-03-04 23:58:10,537 - DEBUG - Iter 1/1 for strat_2_Brightkite_edges_lhs40_20260304_231705...
2026-03-04 23:58:10,537 - DEBUG - Running: java -cp fastutil-8.2.2.jar:mosso-strat_2.jar mosso.Run datasets/Brightkite_edges.txt strat_2_Brightkite_edges_lhs40_20260304_231705_run1 mosso 8 122 1000 39
2026-03-04 23:58:24,640 - INFO - [Brightkite_edges | strat_2] Testing Config 41/100: {'e': 3, 'c': 119, 'interval': 1000, 'h': 24}
2026-03-04 23:58:24,640 - DEBUG - Iter 1/1 for strat_2_Brightkite_edges_lhs41_20260304_231705...
2026-03-04 23:58:24,641 - DEBUG - Running: java -cp fastutil-8.2.2.jar:mosso-strat_2.jar mosso.Run datasets/Brightkite_edges.txt strat_2_Brightkite_edges_lhs41_20260304_231705_run1 mosso 3 119 1000 24
2026-03-04 23:58:36,232 - INFO - [Brightkite_edges | strat_2] Testing Config 42/100: {'e': 5, 'c': 116, 'interval': 1000, 'h': 38}
2026-03-04 23:58:36,232 - DEBUG - Iter 1/1 for strat_2_Brightkite_edges_lhs42_20260304_231705...
2026-03-04 23:58:36,233 - DEBUG - Running: java -cp fastutil-8.2.2.jar:mosso-strat_2.jar mosso.Run datasets/Brightkite_edges.txt strat_2_Brightkite_edges_lhs42_20260304_231705_run1 mosso 5 116 1000 38
2026-03-04 23:58:48,345 - INFO - [Brightkite_edges | strat_2] Testing Config 43/100: {'e': 2, 'c': 123, 'interval': 1000, 'h': 31}
2026-03-04 23:58:48,345 - DEBUG - Iter 1/1 for strat_2_Brightkite_edges_lhs43_20260304_231705...
2026-03-04 23:58:48,345 - DEBUG - Running: java -cp fastutil-8.2.2.jar:mosso-strat_2.jar mosso.Run datasets/Brightkite_edges.txt strat_2_Brightkite_edges_lhs43_20260304_231705_run1 mosso 2 123 1000 31
2026-03-04 23:59:00,184 - INFO - [Brightkite_edges | strat_2] Testing Config 44/100: {'e': 8, 'c': 110, 'interval': 1000, 'h': 32}
2026-03-04 23:59:00,184 - DEBUG - Iter 1/1 for strat_2_Brightkite_edges_lhs44_20260304_231705...
2026-03-04 23:59:00,184 - DEBUG - Running: java -cp fastutil-8.2.2.jar:mosso-strat_2.jar mosso.Run datasets/Brightkite_edges.txt strat_2_Brightkite_edges_lhs44_20260304_231705_run1 mosso 8 110 1000 32
2026-03-04 23:59:13,152 - INFO - [Brightkite_edges | strat_2] Testing Config 45/100: {'e': 5, 'c': 178, 'interval': 1000, 'h': 18}
2026-03-04 23:59:13,152 - DEBUG - Iter 1/1 for strat_2_Brightkite_edges_lhs45_20260304_231705...
2026-03-04 23:59:13,152 - DEBUG - Running: java -cp fastutil-8.2.2.jar:mosso-strat_2.jar mosso.Run datasets/Brightkite_edges.txt strat_2_Brightkite_edges_lhs45_20260304_231705_run1 mosso 5 178 1000 18
2026-03-04 23:59:31,198 - INFO - [Brightkite_edges | strat_2] Testing Config 46/100: {'e': 1, 'c': 156, 'interval': 1000, 'h': 25}
2026-03-04 23:59:31,198 - DEBUG - Iter 1/1 for strat_2_Brightkite_edges_lhs46_20260304_231705...
2026-03-04 23:59:31,198 - DEBUG - Running: java -cp fastutil-8.2.2.jar:mosso-strat_2.jar mosso.Run datasets/Brightkite_edges.txt strat_2_Brightkite_edges_lhs46_20260304_231705_run1 mosso 1 156 1000 25
2026-03-04 23:59:45,927 - INFO - [Brightkite_edges | strat_2] Testing Config 47/100: {'e': 3, 'c': 80, 'interval': 1000, 'h': 12}
2026-03-04 23:59:45,928 - DEBUG - Iter 1/1 for strat_2_Brightkite_edges_lhs47_20260304_231705...
2026-03-04 23:59:45,928 - DEBUG - Running: java -cp fastutil-8.2.2.jar:mosso-strat_2.jar mosso.Run datasets/Brightkite_edges.txt strat_2_Brightkite_edges_lhs47_20260304_231705_run1 mosso 3 80 1000 12
2026-03-04 23:59:54,490 - INFO - [Brightkite_edges | strat_2] Testing Config 48/100: {'e': 7, 'c': 25, 'interval': 1000, 'h': 31}
2026-03-04 23:59:54,491 - DEBUG - Iter 1/1 for strat_2_Brightkite_edges_lhs48_20260304_231705...
2026-03-04 23:59:54,491 - DEBUG - Running: java -cp fastutil-8.2.2.jar:mosso-strat_2.jar mosso.Run datasets/Brightkite_edges.txt strat_2_Brightkite_edges_lhs48_20260304_231705_run1 mosso 7 25 1000 31
2026-03-04 23:59:57,848 - INFO - [Brightkite_edges | strat_2] Testing Config 49/100: {'e': 3, 'c': 145, 'interval': 1000, 'h': 21}
2026-03-04 23:59:57,848 - DEBUG - Iter 1/1 for strat_2_Brightkite_edges_lhs49_20260304_231705...
2026-03-04 23:59:57,848 - DEBUG - Running: java -cp fastutil-8.2.2.jar:mosso-strat_2.jar mosso.Run datasets/Brightkite_edges.txt strat_2_Brightkite_edges_lhs49_20260304_231705_run1 mosso 3 145 1000 21
2026-03-05 00:00:12,125 - INFO - [Brightkite_edges | strat_2] Testing Config 50/100: {'e': 8, 'c': 199, 'interval': 1000, 'h': 16}
2026-03-05 00:00:12,125 - DEBUG - Iter 1/1 for strat_2_Brightkite_edges_lhs50_20260304_231705...
2026-03-05 00:00:12,125 - DEBUG - Running: java -cp fastutil-8.2.2.jar:mosso-strat_2.jar mosso.Run datasets/Brightkite_edges.txt strat_2_Brightkite_edges_lhs50_20260304_231705_run1 mosso 8 199 1000 16
2026-03-05 00:00:32,908 - INFO - [Brightkite_edges | strat_2] Testing Config 51/100: {'e': 2, 'c': 59, 'interval': 1000, 'h': 7}
2026-03-05 00:00:32,908 - DEBUG - Iter 1/1 for strat_2_Brightkite_edges_lhs51_20260304_231705...
2026-03-05 00:00:32,909 - DEBUG - Running: java -cp fastutil-8.2.2.jar:mosso-strat_2.jar mosso.Run datasets/Brightkite_edges.txt strat_2_Brightkite_edges_lhs51_20260304_231705_run1 mosso 2 59 1000 7
2026-03-05 00:00:39,701 - INFO - [Brightkite_edges | strat_2] Testing Config 52/100: {'e': 2, 'c': 231, 'interval': 1000, 'h': 5}
2026-03-05 00:00:39,701 - DEBUG - Iter 1/1 for strat_2_Brightkite_edges_lhs52_20260304_231705...
2026-03-05 00:00:39,701 - DEBUG - Running: java -cp fastutil-8.2.2.jar:mosso-strat_2.jar mosso.Run datasets/Brightkite_edges.txt strat_2_Brightkite_edges_lhs52_20260304_231705_run1 mosso 2 231 1000 5
2026-03-05 00:01:05,535 - INFO - [Brightkite_edges | strat_2] Testing Config 53/100: {'e': 1, 'c': 149, 'interval': 1000, 'h': 18}
2026-03-05 00:01:05,535 - DEBUG - Iter 1/1 for strat_2_Brightkite_edges_lhs53_20260304_231705...
2026-03-05 00:01:05,535 - DEBUG - Running: java -cp fastutil-8.2.2.jar:mosso-strat_2.jar mosso.Run datasets/Brightkite_edges.txt strat_2_Brightkite_edges_lhs53_20260304_231705_run1 mosso 1 149 1000 18
2026-03-05 00:01:20,831 - INFO - [Brightkite_edges | strat_2] Testing Config 54/100: {'e': 7, 'c': 19, 'interval': 1000, 'h': 13}
2026-03-05 00:01:20,832 - DEBUG - Iter 1/1 for strat_2_Brightkite_edges_lhs54_20260304_231705...
2026-03-05 00:01:20,832 - DEBUG - Running: java -cp fastutil-8.2.2.jar:mosso-strat_2.jar mosso.Run datasets/Brightkite_edges.txt strat_2_Brightkite_edges_lhs54_20260304_231705_run1 mosso 7 19 1000 13
2026-03-05 00:01:23,617 - INFO - [Brightkite_edges | strat_2] Testing Config 55/100: {'e': 4, 'c': 151, 'interval': 1000, 'h': 7}
2026-03-05 00:01:23,617 - DEBUG - Iter 1/1 for strat_2_Brightkite_edges_lhs55_20260304_231705...
2026-03-05 00:01:23,617 - DEBUG - Running: java -cp fastutil-8.2.2.jar:mosso-strat_2.jar mosso.Run datasets/Brightkite_edges.txt strat_2_Brightkite_edges_lhs55_20260304_231705_run1 mosso 4 151 1000 7
2026-03-05 00:01:38,435 - INFO - [Brightkite_edges | strat_2] Testing Config 56/100: {'e': 1, 'c': 165, 'interval': 1000, 'h': 28}
2026-03-05 00:01:38,435 - DEBUG - Iter 1/1 for strat_2_Brightkite_edges_lhs56_20260304_231705...
2026-03-05 00:01:38,435 - DEBUG - Running: java -cp fastutil-8.2.2.jar:mosso-strat_2.jar mosso.Run datasets/Brightkite_edges.txt strat_2_Brightkite_edges_lhs56_20260304_231705_run1 mosso 1 165 1000 28
2026-03-05 00:01:53,761 - INFO - [Brightkite_edges | strat_2] Testing Config 57/100: {'e': 4, 'c': 46, 'interval': 1000, 'h': 20}
2026-03-05 00:01:53,762 - DEBUG - Iter 1/1 for strat_2_Brightkite_edges_lhs57_20260304_231705...
2026-03-05 00:01:53,762 - DEBUG - Running: java -cp fastutil-8.2.2.jar:mosso-strat_2.jar mosso.Run datasets/Brightkite_edges.txt strat_2_Brightkite_edges_lhs57_20260304_231705_run1 mosso 4 46 1000 20
2026-03-05 00:01:59,308 - INFO - [Brightkite_edges | strat_2] Testing Config 58/100: {'e': 3, 'c': 23, 'interval': 1000, 'h': 36}
2026-03-05 00:01:59,308 - DEBUG - Iter 1/1 for strat_2_Brightkite_edges_lhs58_20260304_231705...
2026-03-05 00:01:59,308 - DEBUG - Running: java -cp fastutil-8.2.2.jar:mosso-strat_2.jar mosso.Run datasets/Brightkite_edges.txt strat_2_Brightkite_edges_lhs58_20260304_231705_run1 mosso 3 23 1000 36
2026-03-05 00:02:02,433 - INFO - [Brightkite_edges | strat_2] Testing Config 59/100: {'e': 5, 'c': 77, 'interval': 1000, 'h': 36}
2026-03-05 00:02:02,433 - DEBUG - Iter 1/1 for strat_2_Brightkite_edges_lhs59_20260304_231705...
2026-03-05 00:02:02,434 - DEBUG - Running: java -cp fastutil-8.2.2.jar:mosso-strat_2.jar mosso.Run datasets/Brightkite_edges.txt strat_2_Brightkite_edges_lhs59_20260304_231705_run1 mosso 5 77 1000 36
2026-03-05 00:02:10,805 - INFO - [Brightkite_edges | strat_2] Testing Config 60/100: {'e': 1, 'c': 215, 'interval': 1000, 'h': 14}
2026-03-05 00:02:10,805 - DEBUG - Iter 1/1 for strat_2_Brightkite_edges_lhs60_20260304_231705...
2026-03-05 00:02:10,806 - DEBUG - Running: java -cp fastutil-8.2.2.jar:mosso-strat_2.jar mosso.Run datasets/Brightkite_edges.txt strat_2_Brightkite_edges_lhs60_20260304_231705_run1 mosso 1 215 1000 14
2026-03-05 00:02:30,987 - INFO - [Brightkite_edges | strat_2] Testing Config 61/100: {'e': 7, 'c': 12, 'interval': 1000, 'h': 39}
2026-03-05 00:02:30,987 - DEBUG - Iter 1/1 for strat_2_Brightkite_edges_lhs61_20260304_231705...
2026-03-05 00:02:30,987 - DEBUG - Running: java -cp fastutil-8.2.2.jar:mosso-strat_2.jar mosso.Run datasets/Brightkite_edges.txt strat_2_Brightkite_edges_lhs61_20260304_231705_run1 mosso 7 12 1000 39
2026-03-05 00:02:33,228 - INFO - [Brightkite_edges | strat_2] Testing Config 62/100: {'e': 7, 'c': 136, 'interval': 1000, 'h': 13}
2026-03-05 00:02:33,228 - DEBUG - Iter 1/1 for strat_2_Brightkite_edges_lhs62_20260304_231705...
2026-03-05 00:02:33,228 - DEBUG - Running: java -cp fastutil-8.2.2.jar:mosso-strat_2.jar mosso.Run datasets/Brightkite_edges.txt strat_2_Brightkite_edges_lhs62_20260304_231705_run1 mosso 7 136 1000 13
2026-03-05 00:02:47,914 - INFO - [Brightkite_edges | strat_2] Testing Config 63/100: {'e': 2, 'c': 207, 'interval': 1000, 'h': 37}
2026-03-05 00:02:47,915 - DEBUG - Iter 1/1 for strat_2_Brightkite_edges_lhs63_20260304_231705...
2026-03-05 00:02:47,915 - DEBUG - Running: java -cp fastutil-8.2.2.jar:mosso-strat_2.jar mosso.Run datasets/Brightkite_edges.txt strat_2_Brightkite_edges_lhs63_20260304_231705_run1 mosso 2 207 1000 37
2026-03-05 00:03:10,198 - INFO - [Brightkite_edges | strat_2] Testing Config 64/100: {'e': 5, 'c': 52, 'interval': 1000, 'h': 21}
2026-03-05 00:03:10,198 - DEBUG - Iter 1/1 for strat_2_Brightkite_edges_lhs64_20260304_231705...
2026-03-05 00:03:10,198 - DEBUG - Running: java -cp fastutil-8.2.2.jar:mosso-strat_2.jar mosso.Run datasets/Brightkite_edges.txt strat_2_Brightkite_edges_lhs64_20260304_231705_run1 mosso 5 52 1000 21
2026-03-05 00:03:16,412 - INFO - [Brightkite_edges | strat_2] Testing Config 65/100: {'e': 7, 'c': 197, 'interval': 1000, 'h': 24}
2026-03-05 00:03:16,412 - DEBUG - Iter 1/1 for strat_2_Brightkite_edges_lhs65_20260304_231705...
2026-03-05 00:03:16,412 - DEBUG - Running: java -cp fastutil-8.2.2.jar:mosso-strat_2.jar mosso.Run datasets/Brightkite_edges.txt strat_2_Brightkite_edges_lhs65_20260304_231705_run1 mosso 7 197 1000 24
2026-03-05 00:03:37,202 - INFO - [Brightkite_edges | strat_2] Testing Config 66/100: {'e': 5, 'c': 182, 'interval': 1000, 'h': 4}
2026-03-05 00:03:37,203 - DEBUG - Iter 1/1 for strat_2_Brightkite_edges_lhs66_20260304_231705...
2026-03-05 00:03:37,203 - DEBUG - Running: java -cp fastutil-8.2.2.jar:mosso-strat_2.jar mosso.Run datasets/Brightkite_edges.txt strat_2_Brightkite_edges_lhs66_20260304_231705_run1 mosso 5 182 1000 4
2026-03-05 00:03:57,313 - INFO - [Brightkite_edges | strat_2] Testing Config 67/100: {'e': 4, 'c': 233, 'interval': 1000, 'h': 19}
2026-03-05 00:03:57,313 - DEBUG - Iter 1/1 for strat_2_Brightkite_edges_lhs67_20260304_231705...
2026-03-05 00:03:57,314 - DEBUG - Running: java -cp fastutil-8.2.2.jar:mosso-strat_2.jar mosso.Run datasets/Brightkite_edges.txt strat_2_Brightkite_edges_lhs67_20260304_231705_run1 mosso 4 233 1000 19
2026-03-05 00:04:23,081 - INFO - [Brightkite_edges | strat_2] Testing Config 68/100: {'e': 6, 'c': 224, 'interval': 1000, 'h': 15}
2026-03-05 00:04:23,081 - DEBUG - Iter 1/1 for strat_2_Brightkite_edges_lhs68_20260304_231705...
2026-03-05 00:04:23,082 - DEBUG - Running: java -cp fastutil-8.2.2.jar:mosso-strat_2.jar mosso.Run datasets/Brightkite_edges.txt strat_2_Brightkite_edges_lhs68_20260304_231705_run1 mosso 6 224 1000 15
2026-03-05 00:04:49,401 - INFO - [Brightkite_edges | strat_2] Testing Config 69/100: {'e': 4, 'c': 92, 'interval': 1000, 'h': 26}
2026-03-05 00:04:49,402 - DEBUG - Iter 1/1 for strat_2_Brightkite_edges_lhs69_20260304_231705...
2026-03-05 00:04:49,402 - DEBUG - Running: java -cp fastutil-8.2.2.jar:mosso-strat_2.jar mosso.Run datasets/Brightkite_edges.txt strat_2_Brightkite_edges_lhs69_20260304_231705_run1 mosso 4 92 1000 26
2026-03-05 00:04:59,263 - INFO - [Brightkite_edges | strat_2] Testing Config 70/100: {'e': 1, 'c': 85, 'interval': 1000, 'h': 11}
2026-03-05 00:04:59,263 - DEBUG - Iter 1/1 for strat_2_Brightkite_edges_lhs70_20260304_231705...
2026-03-05 00:04:59,264 - DEBUG - Running: java -cp fastutil-8.2.2.jar:mosso-strat_2.jar mosso.Run datasets/Brightkite_edges.txt strat_2_Brightkite_edges_lhs70_20260304_231705_run1 mosso 1 85 1000 11
2026-03-05 00:05:08,545 - INFO - [Brightkite_edges | strat_2] Testing Config 71/100: {'e': 2, 'c': 187, 'interval': 1000, 'h': 14}
2026-03-05 00:05:08,545 - DEBUG - Iter 1/1 for strat_2_Brightkite_edges_lhs71_20260304_231705...
2026-03-05 00:05:08,545 - DEBUG - Running: java -cp fastutil-8.2.2.jar:mosso-strat_2.jar mosso.Run datasets/Brightkite_edges.txt strat_2_Brightkite_edges_lhs71_20260304_231705_run1 mosso 2 187 1000 14
2026-03-05 00:05:28,000 - INFO - [Brightkite_edges | strat_2] Testing Config 72/100: {'e': 3, 'c': 76, 'interval': 1000, 'h': 8}
2026-03-05 00:05:28,000 - DEBUG - Iter 1/1 for strat_2_Brightkite_edges_lhs72_20260304_231705...
2026-03-05 00:05:28,001 - DEBUG - Running: java -cp fastutil-8.2.2.jar:mosso-strat_2.jar mosso.Run datasets/Brightkite_edges.txt strat_2_Brightkite_edges_lhs72_20260304_231705_run1 mosso 3 76 1000 8
2026-03-05 00:05:36,309 - INFO - [Brightkite_edges | strat_2] Testing Config 73/100: {'e': 5, 'c': 86, 'interval': 1000, 'h': 17}
2026-03-05 00:05:36,310 - DEBUG - Iter 1/1 for strat_2_Brightkite_edges_lhs73_20260304_231705...
2026-03-05 00:05:36,310 - DEBUG - Running: java -cp fastutil-8.2.2.jar:mosso-strat_2.jar mosso.Run datasets/Brightkite_edges.txt strat_2_Brightkite_edges_lhs73_20260304_231705_run1 mosso 5 86 1000 17
2026-03-05 00:05:45,652 - INFO - [Brightkite_edges | strat_2] Testing Config 74/100: {'e': 8, 'c': 28, 'interval': 1000, 'h': 9}
2026-03-05 00:05:45,652 - DEBUG - Iter 1/1 for strat_2_Brightkite_edges_lhs74_20260304_231705...
2026-03-05 00:05:45,653 - DEBUG - Running: java -cp fastutil-8.2.2.jar:mosso-strat_2.jar mosso.Run datasets/Brightkite_edges.txt strat_2_Brightkite_edges_lhs74_20260304_231705_run1 mosso 8 28 1000 9
2026-03-05 00:05:49,278 - INFO - [Brightkite_edges | strat_2] Testing Config 75/100: {'e': 3, 'c': 135, 'interval': 1000, 'h': 33}
2026-03-05 00:05:49,279 - DEBUG - Iter 1/1 for strat_2_Brightkite_edges_lhs75_20260304_231705...
2026-03-05 00:05:49,279 - DEBUG - Running: java -cp fastutil-8.2.2.jar:mosso-strat_2.jar mosso.Run datasets/Brightkite_edges.txt strat_2_Brightkite_edges_lhs75_20260304_231705_run1 mosso 3 135 1000 33
2026-03-05 00:06:02,570 - INFO - [Brightkite_edges | strat_2] Testing Config 76/100: {'e': 5, 'c': 195, 'interval': 1000, 'h': 10}
2026-03-05 00:06:02,571 - DEBUG - Iter 1/1 for strat_2_Brightkite_edges_lhs76_20260304_231705...
2026-03-05 00:06:02,571 - DEBUG - Running: java -cp fastutil-8.2.2.jar:mosso-strat_2.jar mosso.Run datasets/Brightkite_edges.txt strat_2_Brightkite_edges_lhs76_20260304_231705_run1 mosso 5 195 1000 10
2026-03-05 00:06:23,939 - INFO - [Brightkite_edges | strat_2] Testing Config 77/100: {'e': 6, 'c': 213, 'interval': 1000, 'h': 35}
2026-03-05 00:06:23,939 - DEBUG - Iter 1/1 for strat_2_Brightkite_edges_lhs77_20260304_231705...
2026-03-05 00:06:23,940 - DEBUG - Running: java -cp fastutil-8.2.2.jar:mosso-strat_2.jar mosso.Run datasets/Brightkite_edges.txt strat_2_Brightkite_edges_lhs77_20260304_231705_run1 mosso 6 213 1000 35
2026-03-05 00:06:45,589 - INFO - [Brightkite_edges | strat_2] Testing Config 78/100: {'e': 4, 'c': 153, 'interval': 1000, 'h': 27}
2026-03-05 00:06:45,589 - DEBUG - Iter 1/1 for strat_2_Brightkite_edges_lhs78_20260304_231705...
2026-03-05 00:06:45,589 - DEBUG - Running: java -cp fastutil-8.2.2.jar:mosso-strat_2.jar mosso.Run datasets/Brightkite_edges.txt strat_2_Brightkite_edges_lhs78_20260304_231705_run1 mosso 4 153 1000 27
2026-03-05 00:07:02,199 - INFO - [Brightkite_edges | strat_2] Testing Config 79/100: {'e': 6, 'c': 133, 'interval': 1000, 'h': 11}
2026-03-05 00:07:02,200 - DEBUG - Iter 1/1 for strat_2_Brightkite_edges_lhs79_20260304_231705...
2026-03-05 00:07:02,200 - DEBUG - Running: java -cp fastutil-8.2.2.jar:mosso-strat_2.jar mosso.Run datasets/Brightkite_edges.txt strat_2_Brightkite_edges_lhs79_20260304_231705_run1 mosso 6 133 1000 11
2026-03-05 00:07:17,270 - INFO - [Brightkite_edges | strat_2] Testing Config 80/100: {'e': 2, 'c': 189, 'interval': 1000, 'h': 12}
2026-03-05 00:07:17,270 - DEBUG - Iter 1/1 for strat_2_Brightkite_edges_lhs80_20260304_231705...
2026-03-05 00:07:17,270 - DEBUG - Running: java -cp fastutil-8.2.2.jar:mosso-strat_2.jar mosso.Run datasets/Brightkite_edges.txt strat_2_Brightkite_edges_lhs80_20260304_231705_run1 mosso 2 189 1000 12
2026-03-05 00:07:36,751 - INFO - [Brightkite_edges | strat_2] Testing Config 81/100: {'e': 2, 'c': 210, 'interval': 1000, 'h': 11}
2026-03-05 00:07:36,751 - DEBUG - Iter 1/1 for strat_2_Brightkite_edges_lhs81_20260304_231705...
2026-03-05 00:07:36,751 - DEBUG - Running: java -cp fastutil-8.2.2.jar:mosso-strat_2.jar mosso.Run datasets/Brightkite_edges.txt strat_2_Brightkite_edges_lhs81_20260304_231705_run1 mosso 2 210 1000 11
2026-03-05 00:07:56,311 - INFO - [Brightkite_edges | strat_2] Testing Config 82/100: {'e': 4, 'c': 57, 'interval': 1000, 'h': 22}
2026-03-05 00:07:56,311 - DEBUG - Iter 1/1 for strat_2_Brightkite_edges_lhs82_20260304_231705...
2026-03-05 00:07:56,311 - DEBUG - Running: java -cp fastutil-8.2.2.jar:mosso-strat_2.jar mosso.Run datasets/Brightkite_edges.txt strat_2_Brightkite_edges_lhs82_20260304_231705_run1 mosso 4 57 1000 22
2026-03-05 00:08:02,781 - INFO - [Brightkite_edges | strat_2] Testing Config 83/100: {'e': 8, 'c': 172, 'interval': 1000, 'h': 7}
2026-03-05 00:08:02,781 - DEBUG - Iter 1/1 for strat_2_Brightkite_edges_lhs83_20260304_231705...
2026-03-05 00:08:02,781 - DEBUG - Running: java -cp fastutil-8.2.2.jar:mosso-strat_2.jar mosso.Run datasets/Brightkite_edges.txt strat_2_Brightkite_edges_lhs83_20260304_231705_run1 mosso 8 172 1000 7
2026-03-05 00:08:20,608 - INFO - [Brightkite_edges | strat_2] Testing Config 84/100: {'e': 3, 'c': 62, 'interval': 1000, 'h': 29}
2026-03-05 00:08:20,608 - DEBUG - Iter 1/1 for strat_2_Brightkite_edges_lhs84_20260304_231705...
2026-03-05 00:08:20,608 - DEBUG - Running: java -cp fastutil-8.2.2.jar:mosso-strat_2.jar mosso.Run datasets/Brightkite_edges.txt strat_2_Brightkite_edges_lhs84_20260304_231705_run1 mosso 3 62 1000 29
2026-03-05 00:08:27,660 - INFO - [Brightkite_edges | strat_2] Testing Config 85/100: {'e': 4, 'c': 40, 'interval': 1000, 'h': 34}
2026-03-05 00:08:27,660 - DEBUG - Iter 1/1 for strat_2_Brightkite_edges_lhs85_20260304_231705...
2026-03-05 00:08:27,660 - DEBUG - Running: java -cp fastutil-8.2.2.jar:mosso-strat_2.jar mosso.Run datasets/Brightkite_edges.txt strat_2_Brightkite_edges_lhs85_20260304_231705_run1 mosso 4 40 1000 34
2026-03-05 00:08:32,936 - INFO - [Brightkite_edges | strat_2] Testing Config 86/100: {'e': 3, 'c': 81, 'interval': 1000, 'h': 17}
2026-03-05 00:08:32,936 - DEBUG - Iter 1/1 for strat_2_Brightkite_edges_lhs86_20260304_231705...
2026-03-05 00:08:32,936 - DEBUG - Running: java -cp fastutil-8.2.2.jar:mosso-strat_2.jar mosso.Run datasets/Brightkite_edges.txt strat_2_Brightkite_edges_lhs86_20260304_231705_run1 mosso 3 81 1000 17
2026-03-05 00:08:41,478 - INFO - [Brightkite_edges | strat_2] Testing Config 87/100: {'e': 7, 'c': 72, 'interval': 1000, 'h': 26}
2026-03-05 00:08:41,478 - DEBUG - Iter 1/1 for strat_2_Brightkite_edges_lhs87_20260304_231705...
2026-03-05 00:08:41,478 - DEBUG - Running: java -cp fastutil-8.2.2.jar:mosso-strat_2.jar mosso.Run datasets/Brightkite_edges.txt strat_2_Brightkite_edges_lhs87_20260304_231705_run1 mosso 7 72 1000 26
2026-03-05 00:08:49,137 - INFO - [Brightkite_edges | strat_2] Testing Config 88/100: {'e': 2, 'c': 237, 'interval': 1000, 'h': 35}
2026-03-05 00:08:49,137 - DEBUG - Iter 1/1 for strat_2_Brightkite_edges_lhs88_20260304_231705...
2026-03-05 00:08:49,138 - DEBUG - Running: java -cp fastutil-8.2.2.jar:mosso-strat_2.jar mosso.Run datasets/Brightkite_edges.txt strat_2_Brightkite_edges_lhs88_20260304_231705_run1 mosso 2 237 1000 35
2026-03-05 00:09:11,966 - INFO - [Brightkite_edges | strat_2] Testing Config 89/100: {'e': 6, 'c': 70, 'interval': 1000, 'h': 4}
2026-03-05 00:09:11,966 - DEBUG - Iter 1/1 for strat_2_Brightkite_edges_lhs89_20260304_231705...
2026-03-05 00:09:11,966 - DEBUG - Running: java -cp fastutil-8.2.2.jar:mosso-strat_2.jar mosso.Run datasets/Brightkite_edges.txt strat_2_Brightkite_edges_lhs89_20260304_231705_run1 mosso 6 70 1000 4
2026-03-05 00:09:19,717 - INFO - [Brightkite_edges | strat_2] Testing Config 90/100: {'e': 5, 'c': 127, 'interval': 1000, 'h': 23}
2026-03-05 00:09:19,717 - DEBUG - Iter 1/1 for strat_2_Brightkite_edges_lhs90_20260304_231705...
2026-03-05 00:09:19,717 - DEBUG - Running: java -cp fastutil-8.2.2.jar:mosso-strat_2.jar mosso.Run datasets/Brightkite_edges.txt strat_2_Brightkite_edges_lhs90_20260304_231705_run1 mosso 5 127 1000 23
2026-03-05 00:09:33,785 - INFO - [Brightkite_edges | strat_2] Testing Config 91/100: {'e': 4, 'c': 65, 'interval': 1000, 'h': 6}
2026-03-05 00:09:33,785 - DEBUG - Iter 1/1 for strat_2_Brightkite_edges_lhs91_20260304_231705...
2026-03-05 00:09:33,785 - DEBUG - Running: java -cp fastutil-8.2.2.jar:mosso-strat_2.jar mosso.Run datasets/Brightkite_edges.txt strat_2_Brightkite_edges_lhs91_20260304_231705_run1 mosso 4 65 1000 6
2026-03-05 00:09:41,327 - INFO - [Brightkite_edges | strat_2] Testing Config 92/100: {'e': 6, 'c': 99, 'interval': 1000, 'h': 6}
2026-03-05 00:09:41,328 - DEBUG - Iter 1/1 for strat_2_Brightkite_edges_lhs92_20260304_231705...
2026-03-05 00:09:41,328 - DEBUG - Running: java -cp fastutil-8.2.2.jar:mosso-strat_2.jar mosso.Run datasets/Brightkite_edges.txt strat_2_Brightkite_edges_lhs92_20260304_231705_run1 mosso 6 99 1000 6
2026-03-05 00:09:52,391 - INFO - [Brightkite_edges | strat_2] Testing Config 93/100: {'e': 8, 'c': 106, 'interval': 1000, 'h': 28}
2026-03-05 00:09:52,392 - DEBUG - Iter 1/1 for strat_2_Brightkite_edges_lhs93_20260304_231705...
2026-03-05 00:09:52,392 - DEBUG - Running: java -cp fastutil-8.2.2.jar:mosso-strat_2.jar mosso.Run datasets/Brightkite_edges.txt strat_2_Brightkite_edges_lhs93_20260304_231705_run1 mosso 8 106 1000 28
2026-03-05 00:10:04,197 - INFO - [Brightkite_edges | strat_2] Testing Config 94/100: {'e': 3, 'c': 159, 'interval': 1000, 'h': 18}
2026-03-05 00:10:04,197 - DEBUG - Iter 1/1 for strat_2_Brightkite_edges_lhs94_20260304_231705...
2026-03-05 00:10:04,197 - DEBUG - Running: java -cp fastutil-8.2.2.jar:mosso-strat_2.jar mosso.Run datasets/Brightkite_edges.txt strat_2_Brightkite_edges_lhs94_20260304_231705_run1 mosso 3 159 1000 18
2026-03-05 00:10:19,778 - INFO - [Brightkite_edges | strat_2] Testing Config 95/100: {'e': 2, 'c': 169, 'interval': 1000, 'h': 21}
2026-03-05 00:10:19,778 - DEBUG - Iter 1/1 for strat_2_Brightkite_edges_lhs95_20260304_231705...
2026-03-05 00:10:19,778 - DEBUG - Running: java -cp fastutil-8.2.2.jar:mosso-strat_2.jar mosso.Run datasets/Brightkite_edges.txt strat_2_Brightkite_edges_lhs95_20260304_231705_run1 mosso 2 169 1000 21
2026-03-05 00:10:37,914 - INFO - [Brightkite_edges | strat_2] Testing Config 96/100: {'e': 7, 'c': 167, 'interval': 1000, 'h': 8}
2026-03-05 00:10:37,914 - DEBUG - Iter 1/1 for strat_2_Brightkite_edges_lhs96_20260304_231705...
2026-03-05 00:10:37,914 - DEBUG - Running: java -cp fastutil-8.2.2.jar:mosso-strat_2.jar mosso.Run datasets/Brightkite_edges.txt strat_2_Brightkite_edges_lhs96_20260304_231705_run1 mosso 7 167 1000 8
2026-03-05 00:10:55,236 - INFO - [Brightkite_edges | strat_2] Testing Config 97/100: {'e': 5, 'c': 176, 'interval': 1000, 'h': 11}
2026-03-05 00:10:55,236 - DEBUG - Iter 1/1 for strat_2_Brightkite_edges_lhs97_20260304_231705...
2026-03-05 00:10:55,236 - DEBUG - Running: java -cp fastutil-8.2.2.jar:mosso-strat_2.jar mosso.Run datasets/Brightkite_edges.txt strat_2_Brightkite_edges_lhs97_20260304_231705_run1 mosso 5 176 1000 11
2026-03-05 00:11:14,723 - INFO - [Brightkite_edges | strat_2] Testing Config 98/100: {'e': 4, 'c': 97, 'interval': 1000, 'h': 26}
2026-03-05 00:11:14,723 - DEBUG - Iter 1/1 for strat_2_Brightkite_edges_lhs98_20260304_231705...
2026-03-05 00:11:14,723 - DEBUG - Running: java -cp fastutil-8.2.2.jar:mosso-strat_2.jar mosso.Run datasets/Brightkite_edges.txt strat_2_Brightkite_edges_lhs98_20260304_231705_run1 mosso 4 97 1000 26
2026-03-05 00:11:25,106 - INFO - [Brightkite_edges | strat_2] Testing Config 99/100: {'e': 7, 'c': 15, 'interval': 1000, 'h': 32}
2026-03-05 00:11:25,106 - DEBUG - Iter 1/1 for strat_2_Brightkite_edges_lhs99_20260304_231705...
2026-03-05 00:11:25,106 - DEBUG - Running: java -cp fastutil-8.2.2.jar:mosso-strat_2.jar mosso.Run datasets/Brightkite_edges.txt strat_2_Brightkite_edges_lhs99_20260304_231705_run1 mosso 7 15 1000 32
2026-03-05 00:11:27,604 - INFO - [Brightkite_edges | strat_2] Testing Config 100/100: {'e': 6, 'c': 16, 'interval': 1000, 'h': 19}
2026-03-05 00:11:27,605 - DEBUG - Iter 1/1 for strat_2_Brightkite_edges_lhs100_20260304_231705...
2026-03-05 00:11:27,605 - DEBUG - Running: java -cp fastutil-8.2.2.jar:mosso-strat_2.jar mosso.Run datasets/Brightkite_edges.txt strat_2_Brightkite_edges_lhs100_20260304_231705_run1 mosso 6 16 1000 19
2026-03-05 00:11:30,577 - INFO - [Email-EuAll | strat_2] Testing Config 1/100: {'e': 6, 'c': 207, 'interval': 1000, 'h': 12}
2026-03-05 00:11:30,577 - DEBUG - Iter 1/1 for strat_2_Email-EuAll_lhs1_20260304_231705...
2026-03-05 00:11:30,577 - DEBUG - Running: java -cp fastutil-8.2.2.jar:mosso-strat_2.jar mosso.Run datasets/Email-EuAll.txt strat_2_Email-EuAll_lhs1_20260304_231705_run1 mosso 6 207 1000 12
2026-03-05 00:12:40,023 - INFO - [Email-EuAll | strat_2] Testing Config 2/100: {'e': 7, 'c': 63, 'interval': 1000, 'h': 39}
2026-03-05 00:12:40,023 - DEBUG - Iter 1/1 for strat_2_Email-EuAll_lhs2_20260304_231705...
2026-03-05 00:12:40,023 - DEBUG - Running: java -cp fastutil-8.2.2.jar:mosso-strat_2.jar mosso.Run datasets/Email-EuAll.txt strat_2_Email-EuAll_lhs2_20260304_231705_run1 mosso 7 63 1000 39
2026-03-05 00:13:02,218 - INFO - [Email-EuAll | strat_2] Testing Config 3/100: {'e': 8, 'c': 180, 'interval': 1000, 'h': 29}
2026-03-05 00:13:02,218 - DEBUG - Iter 1/1 for strat_2_Email-EuAll_lhs3_20260304_231705...
2026-03-05 00:13:02,218 - DEBUG - Running: java -cp fastutil-8.2.2.jar:mosso-strat_2.jar mosso.Run datasets/Email-EuAll.txt strat_2_Email-EuAll_lhs3_20260304_231705_run1 mosso 8 180 1000 29
2026-03-05 00:14:04,169 - INFO - [Email-EuAll | strat_2] Testing Config 4/100: {'e': 2, 'c': 102, 'interval': 1000, 'h': 33}
2026-03-05 00:14:04,169 - DEBUG - Iter 1/1 for strat_2_Email-EuAll_lhs4_20260304_231705...
2026-03-05 00:14:04,169 - DEBUG - Running: java -cp fastutil-8.2.2.jar:mosso-strat_2.jar mosso.Run datasets/Email-EuAll.txt strat_2_Email-EuAll_lhs4_20260304_231705_run1 mosso 2 102 1000 33
2026-03-05 00:14:31,964 - INFO - [Email-EuAll | strat_2] Testing Config 5/100: {'e': 6, 'c': 53, 'interval': 1000, 'h': 24}
2026-03-05 00:14:31,965 - DEBUG - Iter 1/1 for strat_2_Email-EuAll_lhs5_20260304_231705...
2026-03-05 00:14:31,965 - DEBUG - Running: java -cp fastutil-8.2.2.jar:mosso-strat_2.jar mosso.Run datasets/Email-EuAll.txt strat_2_Email-EuAll_lhs5_20260304_231705_run1 mosso 6 53 1000 24
2026-03-05 00:14:50,244 - INFO - [Email-EuAll | strat_2] Testing Config 6/100: {'e': 3, 'c': 146, 'interval': 1000, 'h': 13}
2026-03-05 00:14:50,244 - DEBUG - Iter 1/1 for strat_2_Email-EuAll_lhs6_20260304_231705...
2026-03-05 00:14:50,244 - DEBUG - Running: java -cp fastutil-8.2.2.jar:mosso-strat_2.jar mosso.Run datasets/Email-EuAll.txt strat_2_Email-EuAll_lhs6_20260304_231705_run1 mosso 3 146 1000 13
2026-03-05 00:15:42,461 - INFO - [Email-EuAll | strat_2] Testing Config 7/100: {'e': 7, 'c': 185, 'interval': 1000, 'h': 6}
2026-03-05 00:15:42,462 - DEBUG - Iter 1/1 for strat_2_Email-EuAll_lhs7_20260304_231705...
2026-03-05 00:15:42,462 - DEBUG - Running: java -cp fastutil-8.2.2.jar:mosso-strat_2.jar mosso.Run datasets/Email-EuAll.txt strat_2_Email-EuAll_lhs7_20260304_231705_run1 mosso 7 185 1000 6
2026-03-05 00:17:07,610 - INFO - [Email-EuAll | strat_2] Testing Config 8/100: {'e': 3, 'c': 191, 'interval': 1000, 'h': 34}
2026-03-05 00:17:07,610 - DEBUG - Iter 1/1 for strat_2_Email-EuAll_lhs8_20260304_231705...
2026-03-05 00:17:07,610 - DEBUG - Running: java -cp fastutil-8.2.2.jar:mosso-strat_2.jar mosso.Run datasets/Email-EuAll.txt strat_2_Email-EuAll_lhs8_20260304_231705_run1 mosso 3 191 1000 34
2026-03-05 00:18:21,935 - INFO - [Email-EuAll | strat_2] Testing Config 9/100: {'e': 1, 'c': 15, 'interval': 1000, 'h': 10}
2026-03-05 00:18:21,935 - DEBUG - Iter 1/1 for strat_2_Email-EuAll_lhs9_20260304_231705...
2026-03-05 00:18:21,935 - DEBUG - Running: java -cp fastutil-8.2.2.jar:mosso-strat_2.jar mosso.Run datasets/Email-EuAll.txt strat_2_Email-EuAll_lhs9_20260304_231705_run1 mosso 1 15 1000 10
2026-03-05 00:18:28,631 - INFO - [Email-EuAll | strat_2] Testing Config 10/100: {'e': 6, 'c': 215, 'interval': 1000, 'h': 33}
2026-03-05 00:18:28,632 - DEBUG - Iter 1/1 for strat_2_Email-EuAll_lhs10_20260304_231705...
2026-03-05 00:18:28,632 - DEBUG - Running: java -cp fastutil-8.2.2.jar:mosso-strat_2.jar mosso.Run datasets/Email-EuAll.txt strat_2_Email-EuAll_lhs10_20260304_231705_run1 mosso 6 215 1000 33
2026-03-05 00:20:10,262 - INFO - [Email-EuAll | strat_2] Testing Config 11/100: {'e': 7, 'c': 232, 'interval': 1000, 'h': 26}
2026-03-05 00:20:10,262 - DEBUG - Iter 1/1 for strat_2_Email-EuAll_lhs11_20260304_231705...
2026-03-05 00:20:10,263 - DEBUG - Running: java -cp fastutil-8.2.2.jar:mosso-strat_2.jar mosso.Run datasets/Email-EuAll.txt strat_2_Email-EuAll_lhs11_20260304_231705_run1 mosso 7 232 1000 26
2026-03-05 00:21:34,380 - INFO - [Email-EuAll | strat_2] Testing Config 12/100: {'e': 5, 'c': 28, 'interval': 1000, 'h': 25}
2026-03-05 00:21:34,380 - DEBUG - Iter 1/1 for strat_2_Email-EuAll_lhs12_20260304_231705...
2026-03-05 00:21:34,380 - DEBUG - Running: java -cp fastutil-8.2.2.jar:mosso-strat_2.jar mosso.Run datasets/Email-EuAll.txt strat_2_Email-EuAll_lhs12_20260304_231705_run1 mosso 5 28 1000 25
2026-03-05 00:21:43,962 - INFO - [Email-EuAll | strat_2] Testing Config 13/100: {'e': 3, 'c': 182, 'interval': 1000, 'h': 22}
2026-03-05 00:21:43,962 - DEBUG - Iter 1/1 for strat_2_Email-EuAll_lhs13_20260304_231705...
2026-03-05 00:21:43,962 - DEBUG - Running: java -cp fastutil-8.2.2.jar:mosso-strat_2.jar mosso.Run datasets/Email-EuAll.txt strat_2_Email-EuAll_lhs13_20260304_231705_run1 mosso 3 182 1000 22
2026-03-05 00:22:38,019 - INFO - [Email-EuAll | strat_2] Testing Config 14/100: {'e': 8, 'c': 152, 'interval': 1000, 'h': 32}
2026-03-05 00:22:38,019 - DEBUG - Iter 1/1 for strat_2_Email-EuAll_lhs14_20260304_231705...
2026-03-05 00:22:38,020 - DEBUG - Running: java -cp fastutil-8.2.2.jar:mosso-strat_2.jar mosso.Run datasets/Email-EuAll.txt strat_2_Email-EuAll_lhs14_20260304_231705_run1 mosso 8 152 1000 32
2026-03-05 00:23:29,735 - INFO - [Email-EuAll | strat_2] Testing Config 15/100: {'e': 1, 'c': 218, 'interval': 1000, 'h': 4}
2026-03-05 00:23:29,735 - DEBUG - Iter 1/1 for strat_2_Email-EuAll_lhs15_20260304_231705...
2026-03-05 00:23:29,735 - DEBUG - Running: java -cp fastutil-8.2.2.jar:mosso-strat_2.jar mosso.Run datasets/Email-EuAll.txt strat_2_Email-EuAll_lhs15_20260304_231705_run1 mosso 1 218 1000 4
2026-03-05 00:24:47,193 - INFO - [Email-EuAll | strat_2] Testing Config 16/100: {'e': 4, 'c': 34, 'interval': 1000, 'h': 28}
2026-03-05 00:24:47,194 - DEBUG - Iter 1/1 for strat_2_Email-EuAll_lhs16_20260304_231705...
2026-03-05 00:24:47,194 - DEBUG - Running: java -cp fastutil-8.2.2.jar:mosso-strat_2.jar mosso.Run datasets/Email-EuAll.txt strat_2_Email-EuAll_lhs16_20260304_231705_run1 mosso 4 34 1000 28
2026-03-05 00:24:59,811 - INFO - [Email-EuAll | strat_2] Testing Config 17/100: {'e': 2, 'c': 41, 'interval': 1000, 'h': 39}
2026-03-05 00:24:59,811 - DEBUG - Iter 1/1 for strat_2_Email-EuAll_lhs17_20260304_231705...
2026-03-05 00:24:59,811 - DEBUG - Running: java -cp fastutil-8.2.2.jar:mosso-strat_2.jar mosso.Run datasets/Email-EuAll.txt strat_2_Email-EuAll_lhs17_20260304_231705_run1 mosso 2 41 1000 39
2026-03-05 00:25:13,022 - INFO - [Email-EuAll | strat_2] Testing Config 18/100: {'e': 6, 'c': 108, 'interval': 1000, 'h': 31}
2026-03-05 00:25:13,022 - DEBUG - Iter 1/1 for strat_2_Email-EuAll_lhs18_20260304_231705...
2026-03-05 00:25:13,022 - DEBUG - Running: java -cp fastutil-8.2.2.jar:mosso-strat_2.jar mosso.Run datasets/Email-EuAll.txt strat_2_Email-EuAll_lhs18_20260304_231705_run1 mosso 6 108 1000 31
2026-03-05 00:25:45,728 - INFO - [Email-EuAll | strat_2] Testing Config 19/100: {'e': 6, 'c': 165, 'interval': 1000, 'h': 19}
2026-03-05 00:25:45,728 - DEBUG - Iter 1/1 for strat_2_Email-EuAll_lhs19_20260304_231705...
2026-03-05 00:25:45,728 - DEBUG - Running: java -cp fastutil-8.2.2.jar:mosso-strat_2.jar mosso.Run datasets/Email-EuAll.txt strat_2_Email-EuAll_lhs19_20260304_231705_run1 mosso 6 165 1000 19
2026-03-05 00:26:55,046 - INFO - [Email-EuAll | strat_2] Testing Config 20/100: {'e': 7, 'c': 72, 'interval': 1000, 'h': 35}
2026-03-05 00:26:55,046 - DEBUG - Iter 1/1 for strat_2_Email-EuAll_lhs20_20260304_231705...
2026-03-05 00:26:55,046 - DEBUG - Running: java -cp fastutil-8.2.2.jar:mosso-strat_2.jar mosso.Run datasets/Email-EuAll.txt strat_2_Email-EuAll_lhs20_20260304_231705_run1 mosso 7 72 1000 35
2026-03-05 00:27:16,990 - INFO - [Email-EuAll | strat_2] Testing Config 21/100: {'e': 7, 'c': 65, 'interval': 1000, 'h': 22}
2026-03-05 00:27:16,991 - DEBUG - Iter 1/1 for strat_2_Email-EuAll_lhs21_20260304_231705...
2026-03-05 00:27:16,991 - DEBUG - Running: java -cp fastutil-8.2.2.jar:mosso-strat_2.jar mosso.Run datasets/Email-EuAll.txt strat_2_Email-EuAll_lhs21_20260304_231705_run1 mosso 7 65 1000 22
2026-03-05 00:27:36,852 - INFO - [Email-EuAll | strat_2] Testing Config 22/100: {'e': 7, 'c': 76, 'interval': 1000, 'h': 30}
2026-03-05 00:27:36,852 - DEBUG - Iter 1/1 for strat_2_Email-EuAll_lhs22_20260304_231705...
2026-03-05 00:27:36,852 - DEBUG - Running: java -cp fastutil-8.2.2.jar:mosso-strat_2.jar mosso.Run datasets/Email-EuAll.txt strat_2_Email-EuAll_lhs22_20260304_231705_run1 mosso 7 76 1000 30
2026-03-05 00:27:59,999 - INFO - [Email-EuAll | strat_2] Testing Config 23/100: {'e': 8, 'c': 13, 'interval': 1000, 'h': 19}
2026-03-05 00:27:59,999 - DEBUG - Iter 1/1 for strat_2_Email-EuAll_lhs23_20260304_231705...
2026-03-05 00:28:00,000 - DEBUG - Running: java -cp fastutil-8.2.2.jar:mosso-strat_2.jar mosso.Run datasets/Email-EuAll.txt strat_2_Email-EuAll_lhs23_20260304_231705_run1 mosso 8 13 1000 19
2026-03-05 00:28:04,581 - INFO - [Email-EuAll | strat_2] Testing Config 24/100: {'e': 5, 'c': 228, 'interval': 1000, 'h': 18}
2026-03-05 00:28:04,581 - DEBUG - Iter 1/1 for strat_2_Email-EuAll_lhs24_20260304_231705...
2026-03-05 00:28:04,581 - DEBUG - Running: java -cp fastutil-8.2.2.jar:mosso-strat_2.jar mosso.Run datasets/Email-EuAll.txt strat_2_Email-EuAll_lhs24_20260304_231705_run1 mosso 5 228 1000 18
2026-03-05 00:29:46,992 - INFO - [Email-EuAll | strat_2] Testing Config 25/100: {'e': 3, 'c': 98, 'interval': 1000, 'h': 15}
2026-03-05 00:29:46,992 - DEBUG - Iter 1/1 for strat_2_Email-EuAll_lhs25_20260304_231705...
2026-03-05 00:29:46,992 - DEBUG - Running: java -cp fastutil-8.2.2.jar:mosso-strat_2.jar mosso.Run datasets/Email-EuAll.txt strat_2_Email-EuAll_lhs25_20260304_231705_run1 mosso 3 98 1000 15
2026-03-05 00:30:15,605 - INFO - [Email-EuAll | strat_2] Testing Config 26/100: {'e': 2, 'c': 237, 'interval': 1000, 'h': 16}
2026-03-05 00:30:15,605 - DEBUG - Iter 1/1 for strat_2_Email-EuAll_lhs26_20260304_231705...
2026-03-05 00:30:15,605 - DEBUG - Running: java -cp fastutil-8.2.2.jar:mosso-strat_2.jar mosso.Run datasets/Email-EuAll.txt strat_2_Email-EuAll_lhs26_20260304_231705_run1 mosso 2 237 1000 16
2026-03-05 00:31:46,803 - INFO - [Email-EuAll | strat_2] Testing Config 27/100: {'e': 4, 'c': 100, 'interval': 1000, 'h': 36}
2026-03-05 00:31:46,803 - DEBUG - Iter 1/1 for strat_2_Email-EuAll_lhs27_20260304_231705...
2026-03-05 00:31:46,803 - DEBUG - Running: java -cp fastutil-8.2.2.jar:mosso-strat_2.jar mosso.Run datasets/Email-EuAll.txt strat_2_Email-EuAll_lhs27_20260304_231705_run1 mosso 4 100 1000 36
2026-03-05 00:32:22,241 - INFO - [Email-EuAll | strat_2] Testing Config 28/100: {'e': 8, 'c': 60, 'interval': 1000, 'h': 12}
2026-03-05 00:32:22,241 - DEBUG - Iter 1/1 for strat_2_Email-EuAll_lhs28_20260304_231705...
2026-03-05 00:32:22,241 - DEBUG - Running: java -cp fastutil-8.2.2.jar:mosso-strat_2.jar mosso.Run datasets/Email-EuAll.txt strat_2_Email-EuAll_lhs28_20260304_231705_run1 mosso 8 60 1000 12
2026-03-05 00:32:43,353 - INFO - [Email-EuAll | strat_2] Testing Config 29/100: {'e': 6, 'c': 237, 'interval': 1000, 'h': 7}
2026-03-05 00:32:43,354 - DEBUG - Iter 1/1 for strat_2_Email-EuAll_lhs29_20260304_231705...
2026-03-05 00:32:43,354 - DEBUG - Running: java -cp fastutil-8.2.2.jar:mosso-strat_2.jar mosso.Run datasets/Email-EuAll.txt strat_2_Email-EuAll_lhs29_20260304_231705_run1 mosso 6 237 1000 7
2026-03-05 00:34:36,117 - INFO - [Email-EuAll | strat_2] Testing Config 30/100: {'e': 4, 'c': 88, 'interval': 1000, 'h': 20}
2026-03-05 00:34:36,118 - DEBUG - Iter 1/1 for strat_2_Email-EuAll_lhs30_20260304_231705...
2026-03-05 00:34:36,118 - DEBUG - Running: java -cp fastutil-8.2.2.jar:mosso-strat_2.jar mosso.Run datasets/Email-EuAll.txt strat_2_Email-EuAll_lhs30_20260304_231705_run1 mosso 4 88 1000 20
2026-03-05 00:35:02,764 - INFO - [Email-EuAll | strat_2] Testing Config 31/100: {'e': 5, 'c': 201, 'interval': 1000, 'h': 26}
2026-03-05 00:35:02,764 - DEBUG - Iter 1/1 for strat_2_Email-EuAll_lhs31_20260304_231705...
2026-03-05 00:35:02,764 - DEBUG - Running: java -cp fastutil-8.2.2.jar:mosso-strat_2.jar mosso.Run datasets/Email-EuAll.txt strat_2_Email-EuAll_lhs31_20260304_231705_run1 mosso 5 201 1000 26
2026-03-05 00:36:27,799 - INFO - [Email-EuAll | strat_2] Testing Config 32/100: {'e': 2, 'c': 161, 'interval': 1000, 'h': 10}
2026-03-05 00:36:27,799 - DEBUG - Iter 1/1 for strat_2_Email-EuAll_lhs32_20260304_231705...
2026-03-05 00:36:27,800 - DEBUG - Running: java -cp fastutil-8.2.2.jar:mosso-strat_2.jar mosso.Run datasets/Email-EuAll.txt strat_2_Email-EuAll_lhs32_20260304_231705_run1 mosso 2 161 1000 10
2026-03-05 00:37:24,051 - INFO - [Email-EuAll | strat_2] Testing Config 33/100: {'e': 6, 'c': 180, 'interval': 1000, 'h': 25}
2026-03-05 00:37:24,052 - DEBUG - Iter 1/1 for strat_2_Email-EuAll_lhs33_20260304_231705...
2026-03-05 00:37:24,052 - DEBUG - Running: java -cp fastutil-8.2.2.jar:mosso-strat_2.jar mosso.Run datasets/Email-EuAll.txt strat_2_Email-EuAll_lhs33_20260304_231705_run1 mosso 6 180 1000 25
2026-03-05 00:38:43,263 - INFO - [Email-EuAll | strat_2] Testing Config 34/100: {'e': 8, 'c': 47, 'interval': 1000, 'h': 13}
2026-03-05 00:38:43,263 - DEBUG - Iter 1/1 for strat_2_Email-EuAll_lhs34_20260304_231705...
2026-03-05 00:38:43,263 - DEBUG - Running: java -cp fastutil-8.2.2.jar:mosso-strat_2.jar mosso.Run datasets/Email-EuAll.txt strat_2_Email-EuAll_lhs34_20260304_231705_run1 mosso 8 47 1000 13
2026-03-05 00:38:59,913 - INFO - [Email-EuAll | strat_2] Testing Config 35/100: {'e': 7, 'c': 200, 'interval': 1000, 'h': 32}
2026-03-05 00:38:59,913 - DEBUG - Iter 1/1 for strat_2_Email-EuAll_lhs35_20260304_231705...
2026-03-05 00:38:59,913 - DEBUG - Running: java -cp fastutil-8.2.2.jar:mosso-strat_2.jar mosso.Run datasets/Email-EuAll.txt strat_2_Email-EuAll_lhs35_20260304_231705_run1 mosso 7 200 1000 32
2026-03-05 00:40:09,233 - INFO - [Email-EuAll | strat_2] Testing Config 36/100: {'e': 5, 'c': 115, 'interval': 1000, 'h': 24}
2026-03-05 00:40:09,233 - DEBUG - Iter 1/1 for strat_2_Email-EuAll_lhs36_20260304_231705...
2026-03-05 00:40:09,233 - DEBUG - Running: java -cp fastutil-8.2.2.jar:mosso-strat_2.jar mosso.Run datasets/Email-EuAll.txt strat_2_Email-EuAll_lhs36_20260304_231705_run1 mosso 5 115 1000 24
2026-03-05 00:40:45,324 - INFO - [Email-EuAll | strat_2] Testing Config 37/100: {'e': 6, 'c': 167, 'interval': 1000, 'h': 35}
2026-03-05 00:40:45,325 - DEBUG - Iter 1/1 for strat_2_Email-EuAll_lhs37_20260304_231705...
2026-03-05 00:40:45,325 - DEBUG - Running: java -cp fastutil-8.2.2.jar:mosso-strat_2.jar mosso.Run datasets/Email-EuAll.txt strat_2_Email-EuAll_lhs37_20260304_231705_run1 mosso 6 167 1000 35
2026-03-05 00:41:55,872 - INFO - [Email-EuAll | strat_2] Testing Config 38/100: {'e': 3, 'c': 86, 'interval': 1000, 'h': 8}
2026-03-05 00:41:55,872 - DEBUG - Iter 1/1 for strat_2_Email-EuAll_lhs38_20260304_231705...
2026-03-05 00:41:55,872 - DEBUG - Running: java -cp fastutil-8.2.2.jar:mosso-strat_2.jar mosso.Run datasets/Email-EuAll.txt strat_2_Email-EuAll_lhs38_20260304_231705_run1 mosso 3 86 1000 8
2026-03-05 00:42:25,007 - INFO - [Email-EuAll | strat_2] Testing Config 39/100: {'e': 1, 'c': 136, 'interval': 1000, 'h': 14}
2026-03-05 00:42:25,007 - DEBUG - Iter 1/1 for strat_2_Email-EuAll_lhs39_20260304_231705...
2026-03-05 00:42:25,007 - DEBUG - Running: java -cp fastutil-8.2.2.jar:mosso-strat_2.jar mosso.Run datasets/Email-EuAll.txt strat_2_Email-EuAll_lhs39_20260304_231705_run1 mosso 1 136 1000 14
2026-03-05 00:43:08,505 - INFO - [Email-EuAll | strat_2] Testing Config 40/100: {'e': 1, 'c': 117, 'interval': 1000, 'h': 19}
2026-03-05 00:43:08,506 - DEBUG - Iter 1/1 for strat_2_Email-EuAll_lhs40_20260304_231705...
2026-03-05 00:43:08,506 - DEBUG - Running: java -cp fastutil-8.2.2.jar:mosso-strat_2.jar mosso.Run datasets/Email-EuAll.txt strat_2_Email-EuAll_lhs40_20260304_231705_run1 mosso 1 117 1000 19
2026-03-05 00:43:44,863 - INFO - [Email-EuAll | strat_2] Testing Config 41/100: {'e': 4, 'c': 148, 'interval': 1000, 'h': 12}
2026-03-05 00:43:44,864 - DEBUG - Iter 1/1 for strat_2_Email-EuAll_lhs41_20260304_231705...
2026-03-05 00:43:44,864 - DEBUG - Running: java -cp fastutil-8.2.2.jar:mosso-strat_2.jar mosso.Run datasets/Email-EuAll.txt strat_2_Email-EuAll_lhs41_20260304_231705_run1 mosso 4 148 1000 12
2026-03-05 00:44:28,700 - INFO - [Email-EuAll | strat_2] Testing Config 42/100: {'e': 4, 'c': 45, 'interval': 1000, 'h': 16}
2026-03-05 00:44:28,700 - DEBUG - Iter 1/1 for strat_2_Email-EuAll_lhs42_20260304_231705...
2026-03-05 00:44:28,700 - DEBUG - Running: java -cp fastutil-8.2.2.jar:mosso-strat_2.jar mosso.Run datasets/Email-EuAll.txt strat_2_Email-EuAll_lhs42_20260304_231705_run1 mosso 4 45 1000 16
2026-03-05 00:44:44,178 - INFO - [Email-EuAll | strat_2] Testing Config 43/100: {'e': 1, 'c': 211, 'interval': 1000, 'h': 7}
2026-03-05 00:44:44,178 - DEBUG - Iter 1/1 for strat_2_Email-EuAll_lhs43_20260304_231705...
2026-03-05 00:44:44,179 - DEBUG - Running: java -cp fastutil-8.2.2.jar:mosso-strat_2.jar mosso.Run datasets/Email-EuAll.txt strat_2_Email-EuAll_lhs43_20260304_231705_run1 mosso 1 211 1000 7
2026-03-05 00:45:58,803 - INFO - [Email-EuAll | strat_2] Testing Config 44/100: {'e': 8, 'c': 107, 'interval': 1000, 'h': 28}
2026-03-05 00:45:58,803 - DEBUG - Iter 1/1 for strat_2_Email-EuAll_lhs44_20260304_231705...
2026-03-05 00:45:58,803 - DEBUG - Running: java -cp fastutil-8.2.2.jar:mosso-strat_2.jar mosso.Run datasets/Email-EuAll.txt strat_2_Email-EuAll_lhs44_20260304_231705_run1 mosso 8 107 1000 28
2026-03-05 00:46:32,535 - INFO - [Email-EuAll | strat_2] Testing Config 45/100: {'e': 5, 'c': 105, 'interval': 1000, 'h': 5}
2026-03-05 00:46:32,535 - DEBUG - Iter 1/1 for strat_2_Email-EuAll_lhs45_20260304_231705...
2026-03-05 00:46:32,535 - DEBUG - Running: java -cp fastutil-8.2.2.jar:mosso-strat_2.jar mosso.Run datasets/Email-EuAll.txt strat_2_Email-EuAll_lhs45_20260304_231705_run1 mosso 5 105 1000 5
2026-03-05 00:47:10,493 - INFO - [Email-EuAll | strat_2] Testing Config 46/100: {'e': 4, 'c': 162, 'interval': 1000, 'h': 23}
2026-03-05 00:47:10,493 - DEBUG - Iter 1/1 for strat_2_Email-EuAll_lhs46_20260304_231705...
2026-03-05 00:47:10,493 - DEBUG - Running: java -cp fastutil-8.2.2.jar:mosso-strat_2.jar mosso.Run datasets/Email-EuAll.txt strat_2_Email-EuAll_lhs46_20260304_231705_run1 mosso 4 162 1000 23
2026-03-05 00:48:12,373 - INFO - [Email-EuAll | strat_2] Testing Config 47/100: {'e': 7, 'c': 23, 'interval': 1000, 'h': 11}
2026-03-05 00:48:12,373 - DEBUG - Iter 1/1 for strat_2_Email-EuAll_lhs47_20260304_231705...
2026-03-05 00:48:12,373 - DEBUG - Running: java -cp fastutil-8.2.2.jar:mosso-strat_2.jar mosso.Run datasets/Email-EuAll.txt strat_2_Email-EuAll_lhs47_20260304_231705_run1 mosso 7 23 1000 11
2026-03-05 00:48:19,881 - INFO - [Email-EuAll | strat_2] Testing Config 48/100: {'e': 8, 'c': 204, 'interval': 1000, 'h': 36}
2026-03-05 00:48:19,881 - DEBUG - Iter 1/1 for strat_2_Email-EuAll_lhs48_20260304_231705...
2026-03-05 00:48:19,881 - DEBUG - Running: java -cp fastutil-8.2.2.jar:mosso-strat_2.jar mosso.Run datasets/Email-EuAll.txt strat_2_Email-EuAll_lhs48_20260304_231705_run1 mosso 8 204 1000 36
2026-03-05 00:49:33,413 - INFO - [Email-EuAll | strat_2] Testing Config 49/100: {'e': 4, 'c': 43, 'interval': 1000, 'h': 37}
2026-03-05 00:49:33,413 - DEBUG - Iter 1/1 for strat_2_Email-EuAll_lhs49_20260304_231705...
2026-03-05 00:49:33,413 - DEBUG - Running: java -cp fastutil-8.2.2.jar:mosso-strat_2.jar mosso.Run datasets/Email-EuAll.txt strat_2_Email-EuAll_lhs49_20260304_231705_run1 mosso 4 43 1000 37
2026-03-05 00:49:48,989 - INFO - [Email-EuAll | strat_2] Testing Config 50/100: {'e': 7, 'c': 221, 'interval': 1000, 'h': 18}
2026-03-05 00:49:48,989 - DEBUG - Iter 1/1 for strat_2_Email-EuAll_lhs50_20260304_231705...
2026-03-05 00:49:48,989 - DEBUG - Running: java -cp fastutil-8.2.2.jar:mosso-strat_2.jar mosso.Run datasets/Email-EuAll.txt strat_2_Email-EuAll_lhs50_20260304_231705_run1 mosso 7 221 1000 18
2026-03-05 00:51:37,390 - INFO - [Email-EuAll | strat_2] Testing Config 51/100: {'e': 3, 'c': 24, 'interval': 1000, 'h': 7}
2026-03-05 00:51:37,390 - DEBUG - Iter 1/1 for strat_2_Email-EuAll_lhs51_20260304_231705...
2026-03-05 00:51:37,390 - DEBUG - Running: java -cp fastutil-8.2.2.jar:mosso-strat_2.jar mosso.Run datasets/Email-EuAll.txt strat_2_Email-EuAll_lhs51_20260304_231705_run1 mosso 3 24 1000 7
2026-03-05 00:51:46,539 - INFO - [Email-EuAll | strat_2] Testing Config 52/100: {'e': 1, 'c': 142, 'interval': 1000, 'h': 24}
2026-03-05 00:51:46,539 - DEBUG - Iter 1/1 for strat_2_Email-EuAll_lhs52_20260304_231705...
2026-03-05 00:51:46,539 - DEBUG - Running: java -cp fastutil-8.2.2.jar:mosso-strat_2.jar mosso.Run datasets/Email-EuAll.txt strat_2_Email-EuAll_lhs52_20260304_231705_run1 mosso 1 142 1000 24
2026-03-05 00:52:33,127 - INFO - [Email-EuAll | strat_2] Testing Config 53/100: {'e': 5, 'c': 224, 'interval': 1000, 'h': 33}
2026-03-05 00:52:33,127 - DEBUG - Iter 1/1 for strat_2_Email-EuAll_lhs53_20260304_231705...
2026-03-05 00:52:33,127 - DEBUG - Running: java -cp fastutil-8.2.2.jar:mosso-strat_2.jar mosso.Run datasets/Email-EuAll.txt strat_2_Email-EuAll_lhs53_20260304_231705_run1 mosso 5 224 1000 33
2026-03-05 00:54:11,623 - INFO - [Email-EuAll | strat_2] Testing Config 54/100: {'e': 2, 'c': 77, 'interval': 1000, 'h': 38}
2026-03-05 00:54:11,624 - DEBUG - Iter 1/1 for strat_2_Email-EuAll_lhs54_20260304_231705...
2026-03-05 00:54:11,624 - DEBUG - Running: java -cp fastutil-8.2.2.jar:mosso-strat_2.jar mosso.Run datasets/Email-EuAll.txt strat_2_Email-EuAll_lhs54_20260304_231705_run1 mosso 2 77 1000 38
2026-03-05 00:54:36,310 - INFO - [Email-EuAll | strat_2] Testing Config 55/100: {'e': 8, 'c': 139, 'interval': 1000, 'h': 4}
2026-03-05 00:54:36,311 - DEBUG - Iter 1/1 for strat_2_Email-EuAll_lhs55_20260304_231705...
2026-03-05 00:54:36,311 - DEBUG - Running: java -cp fastutil-8.2.2.jar:mosso-strat_2.jar mosso.Run datasets/Email-EuAll.txt strat_2_Email-EuAll_lhs55_20260304_231705_run1 mosso 8 139 1000 4
2026-03-05 00:55:37,081 - INFO - [Email-EuAll | strat_2] Testing Config 56/100: {'e': 2, 'c': 79, 'interval': 1000, 'h': 38}
2026-03-05 00:55:37,081 - DEBUG - Iter 1/1 for strat_2_Email-EuAll_lhs56_20260304_231705...
2026-03-05 00:55:37,082 - DEBUG - Running: java -cp fastutil-8.2.2.jar:mosso-strat_2.jar mosso.Run datasets/Email-EuAll.txt strat_2_Email-EuAll_lhs56_20260304_231705_run1 mosso 2 79 1000 38
2026-03-05 00:56:00,085 - INFO - [Email-EuAll | strat_2] Testing Config 57/100: {'e': 3, 'c': 194, 'interval': 1000, 'h': 27}
2026-03-05 00:56:00,085 - DEBUG - Iter 1/1 for strat_2_Email-EuAll_lhs57_20260304_231705...
2026-03-05 00:56:00,085 - DEBUG - Running: java -cp fastutil-8.2.2.jar:mosso-strat_2.jar mosso.Run datasets/Email-EuAll.txt strat_2_Email-EuAll_lhs57_20260304_231705_run1 mosso 3 194 1000 27
2026-03-05 00:57:15,694 - INFO - [Email-EuAll | strat_2] Testing Config 58/100: {'e': 2, 'c': 158, 'interval': 1000, 'h': 25}
2026-03-05 00:57:15,694 - DEBUG - Iter 1/1 for strat_2_Email-EuAll_lhs58_20260304_231705...
2026-03-05 00:57:15,694 - DEBUG - Running: java -cp fastutil-8.2.2.jar:mosso-strat_2.jar mosso.Run datasets/Email-EuAll.txt strat_2_Email-EuAll_lhs58_20260304_231705_run1 mosso 2 158 1000 25
2026-03-05 00:58:01,139 - INFO - [Email-EuAll | strat_2] Testing Config 59/100: {'e': 2, 'c': 36, 'interval': 1000, 'h': 17}
2026-03-05 00:58:01,139 - DEBUG - Iter 1/1 for strat_2_Email-EuAll_lhs59_20260304_231705...
2026-03-05 00:58:01,140 - DEBUG - Running: java -cp fastutil-8.2.2.jar:mosso-strat_2.jar mosso.Run datasets/Email-EuAll.txt strat_2_Email-EuAll_lhs59_20260304_231705_run1 mosso 2 36 1000 17
2026-03-05 00:58:13,506 - INFO - [Email-EuAll | strat_2] Testing Config 60/100: {'e': 5, 'c': 19, 'interval': 1000, 'h': 37}
2026-03-05 00:58:13,506 - DEBUG - Iter 1/1 for strat_2_Email-EuAll_lhs60_20260304_231705...
2026-03-05 00:58:13,506 - DEBUG - Running: java -cp fastutil-8.2.2.jar:mosso-strat_2.jar mosso.Run datasets/Email-EuAll.txt strat_2_Email-EuAll_lhs60_20260304_231705_run1 mosso 5 19 1000 37
2026-03-05 00:58:20,390 - INFO - [Email-EuAll | strat_2] Testing Config 61/100: {'e': 2, 'c': 129, 'interval': 1000, 'h': 39}
2026-03-05 00:58:20,390 - DEBUG - Iter 1/1 for strat_2_Email-EuAll_lhs61_20260304_231705...
2026-03-05 00:58:20,390 - DEBUG - Running: java -cp fastutil-8.2.2.jar:mosso-strat_2.jar mosso.Run datasets/Email-EuAll.txt strat_2_Email-EuAll_lhs61_20260304_231705_run1 mosso 2 129 1000 39
2026-03-05 00:59:03,100 - INFO - [Email-EuAll | strat_2] Testing Config 62/100: {'e': 4, 'c': 152, 'interval': 1000, 'h': 20}
2026-03-05 00:59:03,100 - DEBUG - Iter 1/1 for strat_2_Email-EuAll_lhs62_20260304_231705...
2026-03-05 00:59:03,100 - DEBUG - Running: java -cp fastutil-8.2.2.jar:mosso-strat_2.jar mosso.Run datasets/Email-EuAll.txt strat_2_Email-EuAll_lhs62_20260304_231705_run1 mosso 4 152 1000 20
2026-03-05 01:00:00,641 - INFO - [Email-EuAll | strat_2] Testing Config 63/100: {'e': 3, 'c': 84, 'interval': 1000, 'h': 9}
2026-03-05 01:00:00,641 - DEBUG - Iter 1/1 for strat_2_Email-EuAll_lhs63_20260304_231705...
2026-03-05 01:00:00,641 - DEBUG - Running: java -cp fastutil-8.2.2.jar:mosso-strat_2.jar mosso.Run datasets/Email-EuAll.txt strat_2_Email-EuAll_lhs63_20260304_231705_run1 mosso 3 84 1000 9
2026-03-05 01:00:24,480 - INFO - [Email-EuAll | strat_2] Testing Config 64/100: {'e': 4, 'c': 62, 'interval': 1000, 'h': 10}
2026-03-05 01:00:24,481 - DEBUG - Iter 1/1 for strat_2_Email-EuAll_lhs64_20260304_231705...
2026-03-05 01:00:24,481 - DEBUG - Running: java -cp fastutil-8.2.2.jar:mosso-strat_2.jar mosso.Run datasets/Email-EuAll.txt strat_2_Email-EuAll_lhs64_20260304_231705_run1 mosso 4 62 1000 10
2026-03-05 01:00:43,308 - INFO - [Email-EuAll | strat_2] Testing Config 65/100: {'e': 6, 'c': 170, 'interval': 1000, 'h': 20}
2026-03-05 01:00:43,308 - DEBUG - Iter 1/1 for strat_2_Email-EuAll_lhs65_20260304_231705...
2026-03-05 01:00:43,309 - DEBUG - Running: java -cp fastutil-8.2.2.jar:mosso-strat_2.jar mosso.Run datasets/Email-EuAll.txt strat_2_Email-EuAll_lhs65_20260304_231705_run1 mosso 6 170 1000 20
2026-03-05 01:01:38,718 - INFO - [Email-EuAll | strat_2] Testing Config 66/100: {'e': 5, 'c': 56, 'interval': 1000, 'h': 14}
2026-03-05 01:01:38,718 - DEBUG - Iter 1/1 for strat_2_Email-EuAll_lhs66_20260304_231705...
2026-03-05 01:01:38,718 - DEBUG - Running: java -cp fastutil-8.2.2.jar:mosso-strat_2.jar mosso.Run datasets/Email-EuAll.txt strat_2_Email-EuAll_lhs66_20260304_231705_run1 mosso 5 56 1000 14
2026-03-05 01:01:55,896 - INFO - [Email-EuAll | strat_2] Testing Config 67/100: {'e': 8, 'c': 189, 'interval': 1000, 'h': 23}
2026-03-05 01:01:55,896 - DEBUG - Iter 1/1 for strat_2_Email-EuAll_lhs67_20260304_231705...
2026-03-05 01:01:55,896 - DEBUG - Running: java -cp fastutil-8.2.2.jar:mosso-strat_2.jar mosso.Run datasets/Email-EuAll.txt strat_2_Email-EuAll_lhs67_20260304_231705_run1 mosso 8 189 1000 23
2026-03-05 01:03:30,541 - INFO - [Email-EuAll | strat_2] Testing Config 68/100: {'e': 2, 'c': 191, 'interval': 1000, 'h': 28}
2026-03-05 01:03:30,541 - DEBUG - Iter 1/1 for strat_2_Email-EuAll_lhs68_20260304_231705...
2026-03-05 01:03:30,541 - DEBUG - Running: java -cp fastutil-8.2.2.jar:mosso-strat_2.jar mosso.Run datasets/Email-EuAll.txt strat_2_Email-EuAll_lhs68_20260304_231705_run1 mosso 2 191 1000 28
2026-03-05 01:04:24,617 - INFO - [Email-EuAll | strat_2] Testing Config 69/100: {'e': 2, 'c': 212, 'interval': 1000, 'h': 27}
2026-03-05 01:04:24,617 - DEBUG - Iter 1/1 for strat_2_Email-EuAll_lhs69_20260304_231705...
2026-03-05 01:04:24,617 - DEBUG - Running: java -cp fastutil-8.2.2.jar:mosso-strat_2.jar mosso.Run datasets/Email-EuAll.txt strat_2_Email-EuAll_lhs69_20260304_231705_run1 mosso 2 212 1000 27
2026-03-05 01:05:45,772 - INFO - [Email-EuAll | strat_2] Testing Config 70/100: {'e': 4, 'c': 132, 'interval': 1000, 'h': 8}
2026-03-05 01:05:45,773 - DEBUG - Iter 1/1 for strat_2_Email-EuAll_lhs70_20260304_231705...
2026-03-05 01:05:45,773 - DEBUG - Running: java -cp fastutil-8.2.2.jar:mosso-strat_2.jar mosso.Run datasets/Email-EuAll.txt strat_2_Email-EuAll_lhs70_20260304_231705_run1 mosso 4 132 1000 8
2026-03-05 01:06:25,621 - INFO - [Email-EuAll | strat_2] Testing Config 71/100: {'e': 1, 'c': 83, 'interval': 1000, 'h': 30}
2026-03-05 01:06:25,621 - DEBUG - Iter 1/1 for strat_2_Email-EuAll_lhs71_20260304_231705...
2026-03-05 01:06:25,621 - DEBUG - Running: java -cp fastutil-8.2.2.jar:mosso-strat_2.jar mosso.Run datasets/Email-EuAll.txt strat_2_Email-EuAll_lhs71_20260304_231705_run1 mosso 1 83 1000 30
2026-03-05 01:06:47,905 - INFO - [Email-EuAll | strat_2] Testing Config 72/100: {'e': 6, 'c': 18, 'interval': 1000, 'h': 28}
2026-03-05 01:06:47,905 - DEBUG - Iter 1/1 for strat_2_Email-EuAll_lhs72_20260304_231705...
2026-03-05 01:06:47,905 - DEBUG - Running: java -cp fastutil-8.2.2.jar:mosso-strat_2.jar mosso.Run datasets/Email-EuAll.txt strat_2_Email-EuAll_lhs72_20260304_231705_run1 mosso 6 18 1000 28
2026-03-05 01:06:54,761 - INFO - [Email-EuAll | strat_2] Testing Config 73/100: {'e': 5, 'c': 32, 'interval': 1000, 'h': 17}
2026-03-05 01:06:54,761 - DEBUG - Iter 1/1 for strat_2_Email-EuAll_lhs73_20260304_231705...
2026-03-05 01:06:54,761 - DEBUG - Running: java -cp fastutil-8.2.2.jar:mosso-strat_2.jar mosso.Run datasets/Email-EuAll.txt strat_2_Email-EuAll_lhs73_20260304_231705_run1 mosso 5 32 1000 17
2026-03-05 01:07:06,552 - INFO - [Email-EuAll | strat_2] Testing Config 74/100: {'e': 4, 'c': 54, 'interval': 1000, 'h': 5}
2026-03-05 01:07:06,553 - DEBUG - Iter 1/1 for strat_2_Email-EuAll_lhs74_20260304_231705...
2026-03-05 01:07:06,553 - DEBUG - Running: java -cp fastutil-8.2.2.jar:mosso-strat_2.jar mosso.Run datasets/Email-EuAll.txt strat_2_Email-EuAll_lhs74_20260304_231705_run1 mosso 4 54 1000 5
2026-03-05 01:07:23,407 - INFO - [Email-EuAll | strat_2] Testing Config 75/100: {'e': 8, 'c': 119, 'interval': 1000, 'h': 18}
2026-03-05 01:07:23,408 - DEBUG - Iter 1/1 for strat_2_Email-EuAll_lhs75_20260304_231705...
2026-03-05 01:07:23,408 - DEBUG - Running: java -cp fastutil-8.2.2.jar:mosso-strat_2.jar mosso.Run datasets/Email-EuAll.txt strat_2_Email-EuAll_lhs75_20260304_231705_run1 mosso 8 119 1000 18
2026-03-05 01:08:12,636 - INFO - [Email-EuAll | strat_2] Testing Config 76/100: {'e': 1, 'c': 97, 'interval': 1000, 'h': 31}
2026-03-05 01:08:12,636 - DEBUG - Iter 1/1 for strat_2_Email-EuAll_lhs76_20260304_231705...
2026-03-05 01:08:12,636 - DEBUG - Running: java -cp fastutil-8.2.2.jar:mosso-strat_2.jar mosso.Run datasets/Email-EuAll.txt strat_2_Email-EuAll_lhs76_20260304_231705_run1 mosso 1 97 1000 31
2026-03-05 01:08:38,377 - INFO - [Email-EuAll | strat_2] Testing Config 77/100: {'e': 1, 'c': 90, 'interval': 1000, 'h': 36}
2026-03-05 01:08:38,377 - DEBUG - Iter 1/1 for strat_2_Email-EuAll_lhs77_20260304_231705...
2026-03-05 01:08:38,378 - DEBUG - Running: java -cp fastutil-8.2.2.jar:mosso-strat_2.jar mosso.Run datasets/Email-EuAll.txt strat_2_Email-EuAll_lhs77_20260304_231705_run1 mosso 1 90 1000 36
2026-03-05 01:09:03,039 - INFO - [Email-EuAll | strat_2] Testing Config 78/100: {'e': 3, 'c': 50, 'interval': 1000, 'h': 16}
2026-03-05 01:09:03,040 - DEBUG - Iter 1/1 for strat_2_Email-EuAll_lhs78_20260304_231705...
2026-03-05 01:09:03,040 - DEBUG - Running: java -cp fastutil-8.2.2.jar:mosso-strat_2.jar mosso.Run datasets/Email-EuAll.txt strat_2_Email-EuAll_lhs78_20260304_231705_run1 mosso 3 50 1000 16
2026-03-05 01:09:20,230 - INFO - [Email-EuAll | strat_2] Testing Config 79/100: {'e': 1, 'c': 208, 'interval': 1000, 'h': 11}
2026-03-05 01:09:20,230 - DEBUG - Iter 1/1 for strat_2_Email-EuAll_lhs79_20260304_231705...
2026-03-05 01:09:20,230 - DEBUG - Running: java -cp fastutil-8.2.2.jar:mosso-strat_2.jar mosso.Run datasets/Email-EuAll.txt strat_2_Email-EuAll_lhs79_20260304_231705_run1 mosso 1 208 1000 11
2026-03-05 01:10:17,429 - INFO - [Email-EuAll | strat_2] Testing Config 80/100: {'e': 6, 'c': 111, 'interval': 1000, 'h': 35}
2026-03-05 01:10:17,429 - DEBUG - Iter 1/1 for strat_2_Email-EuAll_lhs80_20260304_231705...
2026-03-05 01:10:17,430 - DEBUG - Running: java -cp fastutil-8.2.2.jar:mosso-strat_2.jar mosso.Run datasets/Email-EuAll.txt strat_2_Email-EuAll_lhs80_20260304_231705_run1 mosso 6 111 1000 35
2026-03-05 01:10:52,005 - INFO - [Email-EuAll | strat_2] Testing Config 81/100: {'e': 8, 'c': 171, 'interval': 1000, 'h': 4}
2026-03-05 01:10:52,005 - DEBUG - Iter 1/1 for strat_2_Email-EuAll_lhs81_20260304_231705...
2026-03-05 01:10:52,005 - DEBUG - Running: java -cp fastutil-8.2.2.jar:mosso-strat_2.jar mosso.Run datasets/Email-EuAll.txt strat_2_Email-EuAll_lhs81_20260304_231705_run1 mosso 8 171 1000 4
2026-03-05 01:12:12,354 - INFO - [Email-EuAll | strat_2] Testing Config 82/100: {'e': 3, 'c': 233, 'interval': 1000, 'h': 38}
2026-03-05 01:12:12,354 - DEBUG - Iter 1/1 for strat_2_Email-EuAll_lhs82_20260304_231705...
2026-03-05 01:12:12,355 - DEBUG - Running: java -cp fastutil-8.2.2.jar:mosso-strat_2.jar mosso.Run datasets/Email-EuAll.txt strat_2_Email-EuAll_lhs82_20260304_231705_run1 mosso 3 233 1000 38
2026-03-05 01:13:23,458 - INFO - [Email-EuAll | strat_2] Testing Config 83/100: {'e': 3, 'c': 175, 'interval': 1000, 'h': 33}
2026-03-05 01:13:23,459 - DEBUG - Iter 1/1 for strat_2_Email-EuAll_lhs83_20260304_231705...
2026-03-05 01:13:23,459 - DEBUG - Running: java -cp fastutil-8.2.2.jar:mosso-strat_2.jar mosso.Run datasets/Email-EuAll.txt strat_2_Email-EuAll_lhs83_20260304_231705_run1 mosso 3 175 1000 33
2026-03-05 01:14:29,600 - INFO - [Email-EuAll | strat_2] Testing Config 84/100: {'e': 5, 'c': 222, 'interval': 1000, 'h': 10}
2026-03-05 01:14:29,600 - DEBUG - Iter 1/1 for strat_2_Email-EuAll_lhs84_20260304_231705...
2026-03-05 01:14:29,600 - DEBUG - Running: java -cp fastutil-8.2.2.jar:mosso-strat_2.jar mosso.Run datasets/Email-EuAll.txt strat_2_Email-EuAll_lhs84_20260304_231705_run1 mosso 5 222 1000 10
2026-03-05 01:15:42,900 - INFO - [Email-EuAll | strat_2] Testing Config 85/100: {'e': 5, 'c': 69, 'interval': 1000, 'h': 6}
2026-03-05 01:15:42,900 - DEBUG - Iter 1/1 for strat_2_Email-EuAll_lhs85_20260304_231705...
2026-03-05 01:15:42,900 - DEBUG - Running: java -cp fastutil-8.2.2.jar:mosso-strat_2.jar mosso.Run datasets/Email-EuAll.txt strat_2_Email-EuAll_lhs85_20260304_231705_run1 mosso 5 69 1000 6
2026-03-05 01:16:06,400 - INFO - [Email-EuAll | strat_2] Testing Config 86/100: {'e': 7, 'c': 26, 'interval': 1000, 'h': 15}
2026-03-05 01:16:06,400 - DEBUG - Iter 1/1 for strat_2_Email-EuAll_lhs86_20260304_231705...
2026-03-05 01:16:06,400 - DEBUG - Running: java -cp fastutil-8.2.2.jar:mosso-strat_2.jar mosso.Run datasets/Email-EuAll.txt strat_2_Email-EuAll_lhs86_20260304_231705_run1 mosso 7 26 1000 15
2026-03-05 01:16:15,557 - INFO - [Email-EuAll | strat_2] Testing Config 87/100: {'e': 1, 'c': 138, 'interval': 1000, 'h': 21}
2026-03-05 01:16:15,557 - DEBUG - Iter 1/1 for strat_2_Email-EuAll_lhs87_20260304_231705...
2026-03-05 01:16:15,557 - DEBUG - Running: java -cp fastutil-8.2.2.jar:mosso-strat_2.jar mosso.Run datasets/Email-EuAll.txt strat_2_Email-EuAll_lhs87_20260304_231705_run1 mosso 1 138 1000 21
2026-03-05 01:17:00,383 - INFO - [Email-EuAll | strat_2] Testing Config 88/100: {'e': 5, 'c': 122, 'interval': 1000, 'h': 31}
2026-03-05 01:17:00,383 - DEBUG - Iter 1/1 for strat_2_Email-EuAll_lhs88_20260304_231705...
2026-03-05 01:17:00,384 - DEBUG - Running: java -cp fastutil-8.2.2.jar:mosso-strat_2.jar mosso.Run datasets/Email-EuAll.txt strat_2_Email-EuAll_lhs88_20260304_231705_run1 mosso 5 122 1000 31
2026-03-05 01:17:46,192 - INFO - [Email-EuAll | strat_2] Testing Config 89/100: {'e': 2, 'c': 93, 'interval': 1000, 'h': 21}
2026-03-05 01:17:46,193 - DEBUG - Iter 1/1 for strat_2_Email-EuAll_lhs89_20260304_231705...
2026-03-05 01:17:46,193 - DEBUG - Running: java -cp fastutil-8.2.2.jar:mosso-strat_2.jar mosso.Run datasets/Email-EuAll.txt strat_2_Email-EuAll_lhs89_20260304_231705_run1 mosso 2 93 1000 21
2026-03-05 01:18:12,640 - INFO - [Email-EuAll | strat_2] Testing Config 90/100: {'e': 7, 'c': 156, 'interval': 1000, 'h': 13}
2026-03-05 01:18:12,640 - DEBUG - Iter 1/1 for strat_2_Email-EuAll_lhs90_20260304_231705...
2026-03-05 01:18:12,640 - DEBUG - Running: java -cp fastutil-8.2.2.jar:mosso-strat_2.jar mosso.Run datasets/Email-EuAll.txt strat_2_Email-EuAll_lhs90_20260304_231705_run1 mosso 7 156 1000 13
2026-03-05 01:19:03,539 - INFO - [Email-EuAll | strat_2] Testing Config 91/100: {'e': 7, 'c': 37, 'interval': 1000, 'h': 30}
2026-03-05 01:19:03,539 - DEBUG - Iter 1/1 for strat_2_Email-EuAll_lhs91_20260304_231705...
2026-03-05 01:19:03,539 - DEBUG - Running: java -cp fastutil-8.2.2.jar:mosso-strat_2.jar mosso.Run datasets/Email-EuAll.txt strat_2_Email-EuAll_lhs91_20260304_231705_run1 mosso 7 37 1000 30
2026-03-05 01:19:15,750 - INFO - [Email-EuAll | strat_2] Testing Config 92/100: {'e': 5, 'c': 11, 'interval': 1000, 'h': 14}
2026-03-05 01:19:15,750 - DEBUG - Iter 1/1 for strat_2_Email-EuAll_lhs92_20260304_231705...
2026-03-05 01:19:15,750 - DEBUG - Running: java -cp fastutil-8.2.2.jar:mosso-strat_2.jar mosso.Run datasets/Email-EuAll.txt strat_2_Email-EuAll_lhs92_20260304_231705_run1 mosso 5 11 1000 14
2026-03-05 01:19:20,602 - INFO - [Email-EuAll | strat_2] Testing Config 93/100: {'e': 7, 'c': 175, 'interval': 1000, 'h': 26}
2026-03-05 01:19:20,602 - DEBUG - Iter 1/1 for strat_2_Email-EuAll_lhs93_20260304_231705...
2026-03-05 01:19:20,602 - DEBUG - Running: java -cp fastutil-8.2.2.jar:mosso-strat_2.jar mosso.Run datasets/Email-EuAll.txt strat_2_Email-EuAll_lhs93_20260304_231705_run1 mosso 7 175 1000 26
2026-03-05 01:20:39,092 - INFO - [Email-EuAll | strat_2] Testing Config 94/100: {'e': 2, 'c': 228, 'interval': 1000, 'h': 17}
2026-03-05 01:20:39,092 - DEBUG - Iter 1/1 for strat_2_Email-EuAll_lhs94_20260304_231705...
2026-03-05 01:20:39,092 - DEBUG - Running: java -cp fastutil-8.2.2.jar:mosso-strat_2.jar mosso.Run datasets/Email-EuAll.txt strat_2_Email-EuAll_lhs94_20260304_231705_run1 mosso 2 228 1000 17
2026-03-05 01:22:08,652 - INFO - [Email-EuAll | strat_2] Testing Config 95/100: {'e': 4, 'c': 129, 'interval': 1000, 'h': 8}
2026-03-05 01:22:08,652 - DEBUG - Iter 1/1 for strat_2_Email-EuAll_lhs95_20260304_231705...
2026-03-05 01:22:08,653 - DEBUG - Running: java -cp fastutil-8.2.2.jar:mosso-strat_2.jar mosso.Run datasets/Email-EuAll.txt strat_2_Email-EuAll_lhs95_20260304_231705_run1 mosso 4 129 1000 8
2026-03-05 01:22:47,858 - INFO - [Email-EuAll | strat_2] Testing Config 96/100: {'e': 1, 'c': 124, 'interval': 1000, 'h': 34}
2026-03-05 01:22:47,858 - DEBUG - Iter 1/1 for strat_2_Email-EuAll_lhs96_20260304_231705...
2026-03-05 01:22:47,858 - DEBUG - Running: java -cp fastutil-8.2.2.jar:mosso-strat_2.jar mosso.Run datasets/Email-EuAll.txt strat_2_Email-EuAll_lhs96_20260304_231705_run1 mosso 1 124 1000 34
2026-03-05 01:23:20,666 - INFO - [Email-EuAll | strat_2] Testing Config 97/100: {'e': 6, 'c': 196, 'interval': 1000, 'h': 22}
2026-03-05 01:23:20,666 - DEBUG - Iter 1/1 for strat_2_Email-EuAll_lhs97_20260304_231705...
2026-03-05 01:23:20,666 - DEBUG - Running: java -cp fastutil-8.2.2.jar:mosso-strat_2.jar mosso.Run datasets/Email-EuAll.txt strat_2_Email-EuAll_lhs97_20260304_231705_run1 mosso 6 196 1000 22
2026-03-05 01:24:26,346 - INFO - [Email-EuAll | strat_2] Testing Config 98/100: {'e': 8, 'c': 70, 'interval': 1000, 'h': 6}
2026-03-05 01:24:26,346 - DEBUG - Iter 1/1 for strat_2_Email-EuAll_lhs98_20260304_231705...
2026-03-05 01:24:26,346 - DEBUG - Running: java -cp fastutil-8.2.2.jar:mosso-strat_2.jar mosso.Run datasets/Email-EuAll.txt strat_2_Email-EuAll_lhs98_20260304_231705_run1 mosso 8 70 1000 6
2026-03-05 01:24:51,682 - INFO - [Email-EuAll | strat_2] Testing Config 99/100: {'e': 3, 'c': 144, 'interval': 1000, 'h': 29}
2026-03-05 01:24:51,682 - DEBUG - Iter 1/1 for strat_2_Email-EuAll_lhs99_20260304_231705...
2026-03-05 01:24:51,682 - DEBUG - Running: java -cp fastutil-8.2.2.jar:mosso-strat_2.jar mosso.Run datasets/Email-EuAll.txt strat_2_Email-EuAll_lhs99_20260304_231705_run1 mosso 3 144 1000 29
2026-03-05 01:25:34,231 - INFO - [Email-EuAll | strat_2] Testing Config 100/100: {'e': 4, 'c': 125, 'interval': 1000, 'h': 9}
2026-03-05 01:25:34,231 - DEBUG - Iter 1/1 for strat_2_Email-EuAll_lhs100_20260304_231705...
2026-03-05 01:25:34,231 - DEBUG - Running: java -cp fastutil-8.2.2.jar:mosso-strat_2.jar mosso.Run datasets/Email-EuAll.txt strat_2_Email-EuAll_lhs100_20260304_231705_run1 mosso 4 125 1000 9
2026-03-05 01:26:19,143 - INFO - [Slashdot0902 | strat_2] Testing Config 1/100: {'e': 2, 'c': 204, 'interval': 1000, 'h': 26}
2026-03-05 01:26:19,143 - DEBUG - Iter 1/1 for strat_2_Slashdot0902_lhs1_20260304_231705...
2026-03-05 01:26:19,143 - DEBUG - Running: java -cp fastutil-8.2.2.jar:mosso-strat_2.jar mosso.Run datasets/Slashdot0902.txt strat_2_Slashdot0902_lhs1_20260304_231705_run1 mosso 2 204 1000 26
2026-03-05 01:27:06,152 - INFO - [Slashdot0902 | strat_2] Testing Config 2/100: {'e': 8, 'c': 153, 'interval': 1000, 'h': 31}
2026-03-05 01:27:06,152 - DEBUG - Iter 1/1 for strat_2_Slashdot0902_lhs2_20260304_231705...
2026-03-05 01:27:06,152 - DEBUG - Running: java -cp fastutil-8.2.2.jar:mosso-strat_2.jar mosso.Run datasets/Slashdot0902.txt strat_2_Slashdot0902_lhs2_20260304_231705_run1 mosso 8 153 1000 31
2026-03-05 01:27:41,085 - INFO - [Slashdot0902 | strat_2] Testing Config 3/100: {'e': 2, 'c': 79, 'interval': 1000, 'h': 29}
2026-03-05 01:27:41,085 - DEBUG - Iter 1/1 for strat_2_Slashdot0902_lhs3_20260304_231705...
2026-03-05 01:27:41,085 - DEBUG - Running: java -cp fastutil-8.2.2.jar:mosso-strat_2.jar mosso.Run datasets/Slashdot0902.txt strat_2_Slashdot0902_lhs3_20260304_231705_run1 mosso 2 79 1000 29
2026-03-05 01:27:59,379 - INFO - [Slashdot0902 | strat_2] Testing Config 4/100: {'e': 1, 'c': 111, 'interval': 1000, 'h': 9}
2026-03-05 01:27:59,379 - DEBUG - Iter 1/1 for strat_2_Slashdot0902_lhs4_20260304_231705...
2026-03-05 01:27:59,379 - DEBUG - Running: java -cp fastutil-8.2.2.jar:mosso-strat_2.jar mosso.Run datasets/Slashdot0902.txt strat_2_Slashdot0902_lhs4_20260304_231705_run1 mosso 1 111 1000 9
2026-03-05 01:28:27,345 - INFO - [Slashdot0902 | strat_2] Testing Config 5/100: {'e': 2, 'c': 189, 'interval': 1000, 'h': 12}
2026-03-05 01:28:27,345 - DEBUG - Iter 1/1 for strat_2_Slashdot0902_lhs5_20260304_231705...
2026-03-05 01:28:27,345 - DEBUG - Running: java -cp fastutil-8.2.2.jar:mosso-strat_2.jar mosso.Run datasets/Slashdot0902.txt strat_2_Slashdot0902_lhs5_20260304_231705_run1 mosso 2 189 1000 12
2026-03-05 01:29:10,324 - INFO - [Slashdot0902 | strat_2] Testing Config 6/100: {'e': 3, 'c': 124, 'interval': 1000, 'h': 27}
2026-03-05 01:29:10,324 - DEBUG - Iter 1/1 for strat_2_Slashdot0902_lhs6_20260304_231705...
2026-03-05 01:29:10,324 - DEBUG - Running: java -cp fastutil-8.2.2.jar:mosso-strat_2.jar mosso.Run datasets/Slashdot0902.txt strat_2_Slashdot0902_lhs6_20260304_231705_run1 mosso 3 124 1000 27
2026-03-05 01:29:37,150 - INFO - [Slashdot0902 | strat_2] Testing Config 7/100: {'e': 4, 'c': 52, 'interval': 1000, 'h': 32}
2026-03-05 01:29:37,151 - DEBUG - Iter 1/1 for strat_2_Slashdot0902_lhs7_20260304_231705...
2026-03-05 01:29:37,151 - DEBUG - Running: java -cp fastutil-8.2.2.jar:mosso-strat_2.jar mosso.Run datasets/Slashdot0902.txt strat_2_Slashdot0902_lhs7_20260304_231705_run1 mosso 4 52 1000 32
2026-03-05 01:29:49,690 - INFO - [Slashdot0902 | strat_2] Testing Config 8/100: {'e': 6, 'c': 103, 'interval': 1000, 'h': 6}
2026-03-05 01:29:49,690 - DEBUG - Iter 1/1 for strat_2_Slashdot0902_lhs8_20260304_231705...
2026-03-05 01:29:49,690 - DEBUG - Running: java -cp fastutil-8.2.2.jar:mosso-strat_2.jar mosso.Run datasets/Slashdot0902.txt strat_2_Slashdot0902_lhs8_20260304_231705_run1 mosso 6 103 1000 6
2026-03-05 01:30:12,902 - INFO - [Slashdot0902 | strat_2] Testing Config 9/100: {'e': 5, 'c': 35, 'interval': 1000, 'h': 38}
2026-03-05 01:30:12,902 - DEBUG - Iter 1/1 for strat_2_Slashdot0902_lhs9_20260304_231705...
2026-03-05 01:30:12,902 - DEBUG - Running: java -cp fastutil-8.2.2.jar:mosso-strat_2.jar mosso.Run datasets/Slashdot0902.txt strat_2_Slashdot0902_lhs9_20260304_231705_run1 mosso 5 35 1000 38
2026-03-05 01:30:22,194 - INFO - [Slashdot0902 | strat_2] Testing Config 10/100: {'e': 6, 'c': 41, 'interval': 1000, 'h': 30}
2026-03-05 01:30:22,195 - DEBUG - Iter 1/1 for strat_2_Slashdot0902_lhs10_20260304_231705...
2026-03-05 01:30:22,195 - DEBUG - Running: java -cp fastutil-8.2.2.jar:mosso-strat_2.jar mosso.Run datasets/Slashdot0902.txt strat_2_Slashdot0902_lhs10_20260304_231705_run1 mosso 6 41 1000 30
2026-03-05 01:30:32,110 - INFO - [Slashdot0902 | strat_2] Testing Config 11/100: {'e': 8, 'c': 78, 'interval': 1000, 'h': 13}
2026-03-05 01:30:32,110 - DEBUG - Iter 1/1 for strat_2_Slashdot0902_lhs11_20260304_231705...
2026-03-05 01:30:32,111 - DEBUG - Running: java -cp fastutil-8.2.2.jar:mosso-strat_2.jar mosso.Run datasets/Slashdot0902.txt strat_2_Slashdot0902_lhs11_20260304_231705_run1 mosso 8 78 1000 13
2026-03-05 01:30:49,961 - INFO - [Slashdot0902 | strat_2] Testing Config 12/100: {'e': 1, 'c': 195, 'interval': 1000, 'h': 33}
2026-03-05 01:30:49,961 - DEBUG - Iter 1/1 for strat_2_Slashdot0902_lhs12_20260304_231705...
2026-03-05 01:30:49,961 - DEBUG - Running: java -cp fastutil-8.2.2.jar:mosso-strat_2.jar mosso.Run datasets/Slashdot0902.txt strat_2_Slashdot0902_lhs12_20260304_231705_run1 mosso 1 195 1000 33
2026-03-05 01:31:33,755 - INFO - [Slashdot0902 | strat_2] Testing Config 13/100: {'e': 6, 'c': 39, 'interval': 1000, 'h': 38}
2026-03-05 01:31:33,755 - DEBUG - Iter 1/1 for strat_2_Slashdot0902_lhs13_20260304_231705...
2026-03-05 01:31:33,755 - DEBUG - Running: java -cp fastutil-8.2.2.jar:mosso-strat_2.jar mosso.Run datasets/Slashdot0902.txt strat_2_Slashdot0902_lhs13_20260304_231705_run1 mosso 6 39 1000 38
2026-03-05 01:31:43,168 - INFO - [Slashdot0902 | strat_2] Testing Config 14/100: {'e': 4, 'c': 65, 'interval': 1000, 'h': 17}
2026-03-05 01:31:43,168 - DEBUG - Iter 1/1 for strat_2_Slashdot0902_lhs14_20260304_231705...
2026-03-05 01:31:43,168 - DEBUG - Running: java -cp fastutil-8.2.2.jar:mosso-strat_2.jar mosso.Run datasets/Slashdot0902.txt strat_2_Slashdot0902_lhs14_20260304_231705_run1 mosso 4 65 1000 17
2026-03-05 01:31:58,431 - INFO - [Slashdot0902 | strat_2] Testing Config 15/100: {'e': 5, 'c': 108, 'interval': 1000, 'h': 5}
2026-03-05 01:31:58,431 - DEBUG - Iter 1/1 for strat_2_Slashdot0902_lhs15_20260304_231705...
2026-03-05 01:31:58,431 - DEBUG - Running: java -cp fastutil-8.2.2.jar:mosso-strat_2.jar mosso.Run datasets/Slashdot0902.txt strat_2_Slashdot0902_lhs15_20260304_231705_run1 mosso 5 108 1000 5
2026-03-05 01:32:21,996 - INFO - [Slashdot0902 | strat_2] Testing Config 16/100: {'e': 6, 'c': 118, 'interval': 1000, 'h': 11}
2026-03-05 01:32:21,996 - DEBUG - Iter 1/1 for strat_2_Slashdot0902_lhs16_20260304_231705...
2026-03-05 01:32:21,996 - DEBUG - Running: java -cp fastutil-8.2.2.jar:mosso-strat_2.jar mosso.Run datasets/Slashdot0902.txt strat_2_Slashdot0902_lhs16_20260304_231705_run1 mosso 6 118 1000 11
2026-03-05 01:32:48,525 - INFO - [Slashdot0902 | strat_2] Testing Config 17/100: {'e': 5, 'c': 125, 'interval': 1000, 'h': 36}
2026-03-05 01:32:48,525 - DEBUG - Iter 1/1 for strat_2_Slashdot0902_lhs17_20260304_231705...
2026-03-05 01:32:48,525 - DEBUG - Running: java -cp fastutil-8.2.2.jar:mosso-strat_2.jar mosso.Run datasets/Slashdot0902.txt strat_2_Slashdot0902_lhs17_20260304_231705_run1 mosso 5 125 1000 36
2026-03-05 01:33:15,778 - INFO - [Slashdot0902 | strat_2] Testing Config 18/100: {'e': 4, 'c': 184, 'interval': 1000, 'h': 4}
2026-03-05 01:33:15,778 - DEBUG - Iter 1/1 for strat_2_Slashdot0902_lhs18_20260304_231705...
2026-03-05 01:33:15,778 - DEBUG - Running: java -cp fastutil-8.2.2.jar:mosso-strat_2.jar mosso.Run datasets/Slashdot0902.txt strat_2_Slashdot0902_lhs18_20260304_231705_run1 mosso 4 184 1000 4
2026-03-05 01:33:57,769 - INFO - [Slashdot0902 | strat_2] Testing Config 19/100: {'e': 4, 'c': 179, 'interval': 1000, 'h': 20}
2026-03-05 01:33:57,769 - DEBUG - Iter 1/1 for strat_2_Slashdot0902_lhs19_20260304_231705...
2026-03-05 01:33:57,769 - DEBUG - Running: java -cp fastutil-8.2.2.jar:mosso-strat_2.jar mosso.Run datasets/Slashdot0902.txt strat_2_Slashdot0902_lhs19_20260304_231705_run1 mosso 4 179 1000 20
2026-03-05 01:34:38,140 - INFO - [Slashdot0902 | strat_2] Testing Config 20/100: {'e': 8, 'c': 208, 'interval': 1000, 'h': 15}
2026-03-05 01:34:38,140 - DEBUG - Iter 1/1 for strat_2_Slashdot0902_lhs20_20260304_231705...
2026-03-05 01:34:38,140 - DEBUG - Running: java -cp fastutil-8.2.2.jar:mosso-strat_2.jar mosso.Run datasets/Slashdot0902.txt strat_2_Slashdot0902_lhs20_20260304_231705_run1 mosso 8 208 1000 15
2026-03-05 01:35:29,513 - INFO - [Slashdot0902 | strat_2] Testing Config 21/100: {'e': 1, 'c': 198, 'interval': 1000, 'h': 18}
2026-03-05 01:35:29,513 - DEBUG - Iter 1/1 for strat_2_Slashdot0902_lhs21_20260304_231705...
2026-03-05 01:35:29,513 - DEBUG - Running: java -cp fastutil-8.2.2.jar:mosso-strat_2.jar mosso.Run datasets/Slashdot0902.txt strat_2_Slashdot0902_lhs21_20260304_231705_run1 mosso 1 198 1000 18
2026-03-05 01:36:13,777 - INFO - [Slashdot0902 | strat_2] Testing Config 22/100: {'e': 1, 'c': 165, 'interval': 1000, 'h': 8}
2026-03-05 01:36:13,777 - DEBUG - Iter 1/1 for strat_2_Slashdot0902_lhs22_20260304_231705...
2026-03-05 01:36:13,777 - DEBUG - Running: java -cp fastutil-8.2.2.jar:mosso-strat_2.jar mosso.Run datasets/Slashdot0902.txt strat_2_Slashdot0902_lhs22_20260304_231705_run1 mosso 1 165 1000 8
2026-03-05 01:36:50,170 - INFO - [Slashdot0902 | strat_2] Testing Config 23/100: {'e': 8, 'c': 231, 'interval': 1000, 'h': 27}
2026-03-05 01:36:50,171 - DEBUG - Iter 1/1 for strat_2_Slashdot0902_lhs23_20260304_231705...
2026-03-05 01:36:50,171 - DEBUG - Running: java -cp fastutil-8.2.2.jar:mosso-strat_2.jar mosso.Run datasets/Slashdot0902.txt strat_2_Slashdot0902_lhs23_20260304_231705_run1 mosso 8 231 1000 27
2026-03-05 01:37:43,740 - INFO - [Slashdot0902 | strat_2] Testing Config 24/100: {'e': 3, 'c': 214, 'interval': 1000, 'h': 5}
2026-03-05 01:37:43,740 - DEBUG - Iter 1/1 for strat_2_Slashdot0902_lhs24_20260304_231705...
2026-03-05 01:37:43,740 - DEBUG - Running: java -cp fastutil-8.2.2.jar:mosso-strat_2.jar mosso.Run datasets/Slashdot0902.txt strat_2_Slashdot0902_lhs24_20260304_231705_run1 mosso 3 214 1000 5
2026-03-05 01:38:32,577 - INFO - [Slashdot0902 | strat_2] Testing Config 25/100: {'e': 2, 'c': 81, 'interval': 1000, 'h': 31}
2026-03-05 01:38:32,577 - DEBUG - Iter 1/1 for strat_2_Slashdot0902_lhs25_20260304_231705...
2026-03-05 01:38:32,577 - DEBUG - Running: java -cp fastutil-8.2.2.jar:mosso-strat_2.jar mosso.Run datasets/Slashdot0902.txt strat_2_Slashdot0902_lhs25_20260304_231705_run1 mosso 2 81 1000 31
2026-03-05 01:38:51,335 - INFO - [Slashdot0902 | strat_2] Testing Config 26/100: {'e': 1, 'c': 97, 'interval': 1000, 'h': 28}
2026-03-05 01:38:51,335 - DEBUG - Iter 1/1 for strat_2_Slashdot0902_lhs26_20260304_231705...
2026-03-05 01:38:51,335 - DEBUG - Running: java -cp fastutil-8.2.2.jar:mosso-strat_2.jar mosso.Run datasets/Slashdot0902.txt strat_2_Slashdot0902_lhs26_20260304_231705_run1 mosso 1 97 1000 28
2026-03-05 01:39:13,403 - INFO - [Slashdot0902 | strat_2] Testing Config 27/100: {'e': 7, 'c': 224, 'interval': 1000, 'h': 21}
2026-03-05 01:39:13,403 - DEBUG - Iter 1/1 for strat_2_Slashdot0902_lhs27_20260304_231705...
2026-03-05 01:39:13,404 - DEBUG - Running: java -cp fastutil-8.2.2.jar:mosso-strat_2.jar mosso.Run datasets/Slashdot0902.txt strat_2_Slashdot0902_lhs27_20260304_231705_run1 mosso 7 224 1000 21
2026-03-05 01:40:05,261 - INFO - [Slashdot0902 | strat_2] Testing Config 28/100: {'e': 2, 'c': 172, 'interval': 1000, 'h': 14}
2026-03-05 01:40:05,261 - DEBUG - Iter 1/1 for strat_2_Slashdot0902_lhs28_20260304_231705...
2026-03-05 01:40:05,261 - DEBUG - Running: java -cp fastutil-8.2.2.jar:mosso-strat_2.jar mosso.Run datasets/Slashdot0902.txt strat_2_Slashdot0902_lhs28_20260304_231705_run1 mosso 2 172 1000 14
2026-03-05 01:40:43,841 - INFO - [Slashdot0902 | strat_2] Testing Config 29/100: {'e': 7, 'c': 168, 'interval': 1000, 'h': 22}
2026-03-05 01:40:43,841 - DEBUG - Iter 1/1 for strat_2_Slashdot0902_lhs29_20260304_231705...
2026-03-05 01:40:43,841 - DEBUG - Running: java -cp fastutil-8.2.2.jar:mosso-strat_2.jar mosso.Run datasets/Slashdot0902.txt strat_2_Slashdot0902_lhs29_20260304_231705_run1 mosso 7 168 1000 22
2026-03-05 01:41:22,182 - INFO - [Slashdot0902 | strat_2] Testing Config 30/100: {'e': 8, 'c': 144, 'interval': 1000, 'h': 20}
2026-03-05 01:41:22,182 - DEBUG - Iter 1/1 for strat_2_Slashdot0902_lhs30_20260304_231705...
2026-03-05 01:41:22,182 - DEBUG - Running: java -cp fastutil-8.2.2.jar:mosso-strat_2.jar mosso.Run datasets/Slashdot0902.txt strat_2_Slashdot0902_lhs30_20260304_231705_run1 mosso 8 144 1000 20
2026-03-05 01:41:56,237 - INFO - [Slashdot0902 | strat_2] Testing Config 31/100: {'e': 3, 'c': 131, 'interval': 1000, 'h': 4}
2026-03-05 01:41:56,237 - DEBUG - Iter 1/1 for strat_2_Slashdot0902_lhs31_20260304_231705...
2026-03-05 01:41:56,238 - DEBUG - Running: java -cp fastutil-8.2.2.jar:mosso-strat_2.jar mosso.Run datasets/Slashdot0902.txt strat_2_Slashdot0902_lhs31_20260304_231705_run1 mosso 3 131 1000 4
2026-03-05 01:42:25,620 - INFO - [Slashdot0902 | strat_2] Testing Config 32/100: {'e': 7, 'c': 19, 'interval': 1000, 'h': 26}
2026-03-05 01:42:25,620 - DEBUG - Iter 1/1 for strat_2_Slashdot0902_lhs32_20260304_231705...
2026-03-05 01:42:25,620 - DEBUG - Running: java -cp fastutil-8.2.2.jar:mosso-strat_2.jar mosso.Run datasets/Slashdot0902.txt strat_2_Slashdot0902_lhs32_20260304_231705_run1 mosso 7 19 1000 26
2026-03-05 01:42:30,777 - INFO - [Slashdot0902 | strat_2] Testing Config 33/100: {'e': 6, 'c': 29, 'interval': 1000, 'h': 31}
2026-03-05 01:42:30,777 - DEBUG - Iter 1/1 for strat_2_Slashdot0902_lhs33_20260304_231705...
2026-03-05 01:42:30,777 - DEBUG - Running: java -cp fastutil-8.2.2.jar:mosso-strat_2.jar mosso.Run datasets/Slashdot0902.txt strat_2_Slashdot0902_lhs33_20260304_231705_run1 mosso 6 29 1000 31
2026-03-05 01:42:38,356 - INFO - [Slashdot0902 | strat_2] Testing Config 34/100: {'e': 7, 'c': 181, 'interval': 1000, 'h': 11}
2026-03-05 01:42:38,356 - DEBUG - Iter 1/1 for strat_2_Slashdot0902_lhs34_20260304_231705...
2026-03-05 01:42:38,356 - DEBUG - Running: java -cp fastutil-8.2.2.jar:mosso-strat_2.jar mosso.Run datasets/Slashdot0902.txt strat_2_Slashdot0902_lhs34_20260304_231705_run1 mosso 7 181 1000 11
2026-03-05 01:43:20,819 - INFO - [Slashdot0902 | strat_2] Testing Config 35/100: {'e': 4, 'c': 183, 'interval': 1000, 'h': 38}
2026-03-05 01:43:20,819 - DEBUG - Iter 1/1 for strat_2_Slashdot0902_lhs35_20260304_231705...
2026-03-05 01:43:20,820 - DEBUG - Running: java -cp fastutil-8.2.2.jar:mosso-strat_2.jar mosso.Run datasets/Slashdot0902.txt strat_2_Slashdot0902_lhs35_20260304_231705_run1 mosso 4 183 1000 38
2026-03-05 01:43:59,776 - INFO - [Slashdot0902 | strat_2] Testing Config 36/100: {'e': 5, 'c': 222, 'interval': 1000, 'h': 32}
2026-03-05 01:43:59,776 - DEBUG - Iter 1/1 for strat_2_Slashdot0902_lhs36_20260304_231705...
2026-03-05 01:43:59,776 - DEBUG - Running: java -cp fastutil-8.2.2.jar:mosso-strat_2.jar mosso.Run datasets/Slashdot0902.txt strat_2_Slashdot0902_lhs36_20260304_231705_run1 mosso 5 222 1000 32
2026-03-05 01:44:48,374 - INFO - [Slashdot0902 | strat_2] Testing Config 37/100: {'e': 2, 'c': 94, 'interval': 1000, 'h': 17}
2026-03-05 01:44:48,374 - DEBUG - Iter 1/1 for strat_2_Slashdot0902_lhs37_20260304_231705...
2026-03-05 01:44:48,374 - DEBUG - Running: java -cp fastutil-8.2.2.jar:mosso-strat_2.jar mosso.Run datasets/Slashdot0902.txt strat_2_Slashdot0902_lhs37_20260304_231705_run1 mosso 2 94 1000 17
2026-03-05 01:45:09,860 - INFO - [Slashdot0902 | strat_2] Testing Config 38/100: {'e': 1, 'c': 61, 'interval': 1000, 'h': 36}
2026-03-05 01:45:09,860 - DEBUG - Iter 1/1 for strat_2_Slashdot0902_lhs38_20260304_231705...
2026-03-05 01:45:09,860 - DEBUG - Running: java -cp fastutil-8.2.2.jar:mosso-strat_2.jar mosso.Run datasets/Slashdot0902.txt strat_2_Slashdot0902_lhs38_20260304_231705_run1 mosso 1 61 1000 36
2026-03-05 01:45:25,780 - INFO - [Slashdot0902 | strat_2] Testing Config 39/100: {'e': 5, 'c': 230, 'interval': 1000, 'h': 18}
2026-03-05 01:45:25,780 - DEBUG - Iter 1/1 for strat_2_Slashdot0902_lhs39_20260304_231705...
2026-03-05 01:45:25,780 - DEBUG - Running: java -cp fastutil-8.2.2.jar:mosso-strat_2.jar mosso.Run datasets/Slashdot0902.txt strat_2_Slashdot0902_lhs39_20260304_231705_run1 mosso 5 230 1000 18
2026-03-05 01:46:18,394 - INFO - [Slashdot0902 | strat_2] Testing Config 40/100: {'e': 7, 'c': 151, 'interval': 1000, 'h': 27}
2026-03-05 01:46:18,394 - DEBUG - Iter 1/1 for strat_2_Slashdot0902_lhs40_20260304_231705...
2026-03-05 01:46:18,394 - DEBUG - Running: java -cp fastutil-8.2.2.jar:mosso-strat_2.jar mosso.Run datasets/Slashdot0902.txt strat_2_Slashdot0902_lhs40_20260304_231705_run1 mosso 7 151 1000 27
2026-03-05 01:46:53,361 - INFO - [Slashdot0902 | strat_2] Testing Config 41/100: {'e': 6, 'c': 110, 'interval': 1000, 'h': 7}
2026-03-05 01:46:53,361 - DEBUG - Iter 1/1 for strat_2_Slashdot0902_lhs41_20260304_231705...
2026-03-05 01:46:53,361 - DEBUG - Running: java -cp fastutil-8.2.2.jar:mosso-strat_2.jar mosso.Run datasets/Slashdot0902.txt strat_2_Slashdot0902_lhs41_20260304_231705_run1 mosso 6 110 1000 7
2026-03-05 01:47:17,875 - INFO - [Slashdot0902 | strat_2] Testing Config 42/100: {'e': 7, 'c': 48, 'interval': 1000, 'h': 32}
2026-03-05 01:47:17,875 - DEBUG - Iter 1/1 for strat_2_Slashdot0902_lhs42_20260304_231705...
2026-03-05 01:47:17,875 - DEBUG - Running: java -cp fastutil-8.2.2.jar:mosso-strat_2.jar mosso.Run datasets/Slashdot0902.txt strat_2_Slashdot0902_lhs42_20260304_231705_run1 mosso 7 48 1000 32
2026-03-05 01:47:29,039 - INFO - [Slashdot0902 | strat_2] Testing Config 43/100: {'e': 6, 'c': 25, 'interval': 1000, 'h': 24}
2026-03-05 01:47:29,039 - DEBUG - Iter 1/1 for strat_2_Slashdot0902_lhs43_20260304_231705...
2026-03-05 01:47:29,039 - DEBUG - Running: java -cp fastutil-8.2.2.jar:mosso-strat_2.jar mosso.Run datasets/Slashdot0902.txt strat_2_Slashdot0902_lhs43_20260304_231705_run1 mosso 6 25 1000 24
2026-03-05 01:47:35,610 - INFO - [Slashdot0902 | strat_2] Testing Config 44/100: {'e': 3, 'c': 68, 'interval': 1000, 'h': 24}
2026-03-05 01:47:35,610 - DEBUG - Iter 1/1 for strat_2_Slashdot0902_lhs44_20260304_231705...
2026-03-05 01:47:35,610 - DEBUG - Running: java -cp fastutil-8.2.2.jar:mosso-strat_2.jar mosso.Run datasets/Slashdot0902.txt strat_2_Slashdot0902_lhs44_20260304_231705_run1 mosso 3 68 1000 24
2026-03-05 01:47:52,310 - INFO - [Slashdot0902 | strat_2] Testing Config 45/100: {'e': 5, 'c': 91, 'interval': 1000, 'h': 35}
2026-03-05 01:47:52,310 - DEBUG - Iter 1/1 for strat_2_Slashdot0902_lhs45_20260304_231705...
2026-03-05 01:47:52,310 - DEBUG - Running: java -cp fastutil-8.2.2.jar:mosso-strat_2.jar mosso.Run datasets/Slashdot0902.txt strat_2_Slashdot0902_lhs45_20260304_231705_run1 mosso 5 91 1000 35
2026-03-05 01:48:12,859 - INFO - [Slashdot0902 | strat_2] Testing Config 46/100: {'e': 4, 'c': 160, 'interval': 1000, 'h': 33}
2026-03-05 01:48:12,859 - DEBUG - Iter 1/1 for strat_2_Slashdot0902_lhs46_20260304_231705...
2026-03-05 01:48:12,859 - DEBUG - Running: java -cp fastutil-8.2.2.jar:mosso-strat_2.jar mosso.Run datasets/Slashdot0902.txt strat_2_Slashdot0902_lhs46_20260304_231705_run1 mosso 4 160 1000 33
2026-03-05 01:48:48,102 - INFO - [Slashdot0902 | strat_2] Testing Config 47/100: {'e': 8, 'c': 46, 'interval': 1000, 'h': 6}
2026-03-05 01:48:48,102 - DEBUG - Iter 1/1 for strat_2_Slashdot0902_lhs47_20260304_231705...
2026-03-05 01:48:48,102 - DEBUG - Running: java -cp fastutil-8.2.2.jar:mosso-strat_2.jar mosso.Run datasets/Slashdot0902.txt strat_2_Slashdot0902_lhs47_20260304_231705_run1 mosso 8 46 1000 6
2026-03-05 01:48:58,598 - INFO - [Slashdot0902 | strat_2] Testing Config 48/100: {'e': 8, 'c': 101, 'interval': 1000, 'h': 7}
2026-03-05 01:48:58,598 - DEBUG - Iter 1/1 for strat_2_Slashdot0902_lhs48_20260304_231705...
2026-03-05 01:48:58,598 - DEBUG - Running: java -cp fastutil-8.2.2.jar:mosso-strat_2.jar mosso.Run datasets/Slashdot0902.txt strat_2_Slashdot0902_lhs48_20260304_231705_run1 mosso 8 101 1000 7
2026-03-05 01:49:21,681 - INFO - [Slashdot0902 | strat_2] Testing Config 49/100: {'e': 2, 'c': 219, 'interval': 1000, 'h': 35}
2026-03-05 01:49:21,681 - DEBUG - Iter 1/1 for strat_2_Slashdot0902_lhs49_20260304_231705...
2026-03-05 01:49:21,682 - DEBUG - Running: java -cp fastutil-8.2.2.jar:mosso-strat_2.jar mosso.Run datasets/Slashdot0902.txt strat_2_Slashdot0902_lhs49_20260304_231705_run1 mosso 2 219 1000 35
2026-03-05 01:50:11,187 - INFO - [Slashdot0902 | strat_2] Testing Config 50/100: {'e': 3, 'c': 84, 'interval': 1000, 'h': 8}
2026-03-05 01:50:11,187 - DEBUG - Iter 1/1 for strat_2_Slashdot0902_lhs50_20260304_231705...
2026-03-05 01:50:11,187 - DEBUG - Running: java -cp fastutil-8.2.2.jar:mosso-strat_2.jar mosso.Run datasets/Slashdot0902.txt strat_2_Slashdot0902_lhs50_20260304_231705_run1 mosso 3 84 1000 8
2026-03-05 01:50:30,097 - INFO - [Slashdot0902 | strat_2] Testing Config 51/100: {'e': 6, 'c': 11, 'interval': 1000, 'h': 11}
2026-03-05 01:50:30,097 - DEBUG - Iter 1/1 for strat_2_Slashdot0902_lhs51_20260304_231705...
2026-03-05 01:50:30,097 - DEBUG - Running: java -cp fastutil-8.2.2.jar:mosso-strat_2.jar mosso.Run datasets/Slashdot0902.txt strat_2_Slashdot0902_lhs51_20260304_231705_run1 mosso 6 11 1000 11
2026-03-05 01:50:33,668 - INFO - [Slashdot0902 | strat_2] Testing Config 52/100: {'e': 4, 'c': 238, 'interval': 1000, 'h': 9}
2026-03-05 01:50:33,668 - DEBUG - Iter 1/1 for strat_2_Slashdot0902_lhs52_20260304_231705...
2026-03-05 01:50:33,668 - DEBUG - Running: java -cp fastutil-8.2.2.jar:mosso-strat_2.jar mosso.Run datasets/Slashdot0902.txt strat_2_Slashdot0902_lhs52_20260304_231705_run1 mosso 4 238 1000 9
2026-03-05 01:51:24,333 - INFO - [Slashdot0902 | strat_2] Testing Config 53/100: {'e': 1, 'c': 86, 'interval': 1000, 'h': 14}
2026-03-05 01:51:24,333 - DEBUG - Iter 1/1 for strat_2_Slashdot0902_lhs53_20260304_231705...
2026-03-05 01:51:24,333 - DEBUG - Running: java -cp fastutil-8.2.2.jar:mosso-strat_2.jar mosso.Run datasets/Slashdot0902.txt strat_2_Slashdot0902_lhs53_20260304_231705_run1 mosso 1 86 1000 14
2026-03-05 01:51:44,836 - INFO - [Slashdot0902 | strat_2] Testing Config 54/100: {'e': 6, 'c': 199, 'interval': 1000, 'h': 13}
2026-03-05 01:51:44,836 - DEBUG - Iter 1/1 for strat_2_Slashdot0902_lhs54_20260304_231705...
2026-03-05 01:51:44,836 - DEBUG - Running: java -cp fastutil-8.2.2.jar:mosso-strat_2.jar mosso.Run datasets/Slashdot0902.txt strat_2_Slashdot0902_lhs54_20260304_231705_run1 mosso 6 199 1000 13
2026-03-05 01:52:30,188 - INFO - [Slashdot0902 | strat_2] Testing Config 55/100: {'e': 7, 'c': 159, 'interval': 1000, 'h': 17}
2026-03-05 01:52:30,188 - DEBUG - Iter 1/1 for strat_2_Slashdot0902_lhs55_20260304_231705...
2026-03-05 01:52:30,188 - DEBUG - Running: java -cp fastutil-8.2.2.jar:mosso-strat_2.jar mosso.Run datasets/Slashdot0902.txt strat_2_Slashdot0902_lhs55_20260304_231705_run1 mosso 7 159 1000 17
2026-03-05 01:53:07,477 - INFO - [Slashdot0902 | strat_2] Testing Config 56/100: {'e': 2, 'c': 187, 'interval': 1000, 'h': 12}
2026-03-05 01:53:07,477 - DEBUG - Iter 1/1 for strat_2_Slashdot0902_lhs56_20260304_231705...
2026-03-05 01:53:07,477 - DEBUG - Running: java -cp fastutil-8.2.2.jar:mosso-strat_2.jar mosso.Run datasets/Slashdot0902.txt strat_2_Slashdot0902_lhs56_20260304_231705_run1 mosso 2 187 1000 12
2026-03-05 01:53:49,265 - INFO - [Slashdot0902 | strat_2] Testing Config 57/100: {'e': 7, 'c': 235, 'interval': 1000, 'h': 29}
2026-03-05 01:53:49,265 - DEBUG - Iter 1/1 for strat_2_Slashdot0902_lhs57_20260304_231705...
2026-03-05 01:53:49,265 - DEBUG - Running: java -cp fastutil-8.2.2.jar:mosso-strat_2.jar mosso.Run datasets/Slashdot0902.txt strat_2_Slashdot0902_lhs57_20260304_231705_run1 mosso 7 235 1000 29
2026-03-05 01:54:44,287 - INFO - [Slashdot0902 | strat_2] Testing Config 58/100: {'e': 3, 'c': 128, 'interval': 1000, 'h': 15}
2026-03-05 01:54:44,287 - DEBUG - Iter 1/1 for strat_2_Slashdot0902_lhs58_20260304_231705...
2026-03-05 01:54:44,287 - DEBUG - Running: java -cp fastutil-8.2.2.jar:mosso-strat_2.jar mosso.Run datasets/Slashdot0902.txt strat_2_Slashdot0902_lhs58_20260304_231705_run1 mosso 3 128 1000 15
2026-03-05 01:55:11,294 - INFO - [Slashdot0902 | strat_2] Testing Config 59/100: {'e': 3, 'c': 142, 'interval': 1000, 'h': 33}
2026-03-05 01:55:11,294 - DEBUG - Iter 1/1 for strat_2_Slashdot0902_lhs59_20260304_231705...
2026-03-05 01:55:11,294 - DEBUG - Running: java -cp fastutil-8.2.2.jar:mosso-strat_2.jar mosso.Run datasets/Slashdot0902.txt strat_2_Slashdot0902_lhs59_20260304_231705_run1 mosso 3 142 1000 33
2026-03-05 01:55:44,393 - INFO - [Slashdot0902 | strat_2] Testing Config 60/100: {'e': 3, 'c': 88, 'interval': 1000, 'h': 36}
2026-03-05 01:55:44,393 - DEBUG - Iter 1/1 for strat_2_Slashdot0902_lhs60_20260304_231705...
2026-03-05 01:55:44,393 - DEBUG - Running: java -cp fastutil-8.2.2.jar:mosso-strat_2.jar mosso.Run datasets/Slashdot0902.txt strat_2_Slashdot0902_lhs60_20260304_231705_run1 mosso 3 88 1000 36
2026-03-05 01:56:04,168 - INFO - [Slashdot0902 | strat_2] Testing Config 61/100: {'e': 5, 'c': 177, 'interval': 1000, 'h': 37}
2026-03-05 01:56:04,169 - DEBUG - Iter 1/1 for strat_2_Slashdot0902_lhs61_20260304_231705...
2026-03-05 01:56:04,169 - DEBUG - Running: java -cp fastutil-8.2.2.jar:mosso-strat_2.jar mosso.Run datasets/Slashdot0902.txt strat_2_Slashdot0902_lhs61_20260304_231705_run1 mosso 5 177 1000 37
2026-03-05 01:56:44,044 - INFO - [Slashdot0902 | strat_2] Testing Config 62/100: {'e': 5, 'c': 64, 'interval': 1000, 'h': 39}
2026-03-05 01:56:44,044 - DEBUG - Iter 1/1 for strat_2_Slashdot0902_lhs62_20260304_231705...
2026-03-05 01:56:44,044 - DEBUG - Running: java -cp fastutil-8.2.2.jar:mosso-strat_2.jar mosso.Run datasets/Slashdot0902.txt strat_2_Slashdot0902_lhs62_20260304_231705_run1 mosso 5 64 1000 39
2026-03-05 01:56:59,454 - INFO - [Slashdot0902 | strat_2] Testing Config 63/100: {'e': 2, 'c': 23, 'interval': 1000, 'h': 24}
2026-03-05 01:56:59,454 - DEBUG - Iter 1/1 for strat_2_Slashdot0902_lhs63_20260304_231705...
2026-03-05 01:56:59,454 - DEBUG - Running: java -cp fastutil-8.2.2.jar:mosso-strat_2.jar mosso.Run datasets/Slashdot0902.txt strat_2_Slashdot0902_lhs63_20260304_231705_run1 mosso 2 23 1000 24
2026-03-05 01:57:06,250 - INFO - [Slashdot0902 | strat_2] Testing Config 64/100: {'e': 8, 'c': 116, 'interval': 1000, 'h': 26}
2026-03-05 01:57:06,250 - DEBUG - Iter 1/1 for strat_2_Slashdot0902_lhs64_20260304_231705...
2026-03-05 01:57:06,250 - DEBUG - Running: java -cp fastutil-8.2.2.jar:mosso-strat_2.jar mosso.Run datasets/Slashdot0902.txt strat_2_Slashdot0902_lhs64_20260304_231705_run1 mosso 8 116 1000 26
2026-03-05 01:57:32,253 - INFO - [Slashdot0902 | strat_2] Testing Config 65/100: {'e': 4, 'c': 28, 'interval': 1000, 'h': 9}
2026-03-05 01:57:32,253 - DEBUG - Iter 1/1 for strat_2_Slashdot0902_lhs65_20260304_231705...
2026-03-05 01:57:32,254 - DEBUG - Running: java -cp fastutil-8.2.2.jar:mosso-strat_2.jar mosso.Run datasets/Slashdot0902.txt strat_2_Slashdot0902_lhs65_20260304_231705_run1 mosso 4 28 1000 9
2026-03-05 01:57:39,576 - INFO - [Slashdot0902 | strat_2] Testing Config 66/100: {'e': 1, 'c': 136, 'interval': 1000, 'h': 25}
2026-03-05 01:57:39,576 - DEBUG - Iter 1/1 for strat_2_Slashdot0902_lhs66_20260304_231705...
2026-03-05 01:57:39,576 - DEBUG - Running: java -cp fastutil-8.2.2.jar:mosso-strat_2.jar mosso.Run datasets/Slashdot0902.txt strat_2_Slashdot0902_lhs66_20260304_231705_run1 mosso 1 136 1000 25
2026-03-05 01:58:12,181 - INFO - [Slashdot0902 | strat_2] Testing Config 67/100: {'e': 5, 'c': 146, 'interval': 1000, 'h': 15}
2026-03-05 01:58:12,181 - DEBUG - Iter 1/1 for strat_2_Slashdot0902_lhs67_20260304_231705...
2026-03-05 01:58:12,181 - DEBUG - Running: java -cp fastutil-8.2.2.jar:mosso-strat_2.jar mosso.Run datasets/Slashdot0902.txt strat_2_Slashdot0902_lhs67_20260304_231705_run1 mosso 5 146 1000 15
2026-03-05 01:58:44,990 - INFO - [Slashdot0902 | strat_2] Testing Config 68/100: {'e': 3, 'c': 115, 'interval': 1000, 'h': 16}
2026-03-05 01:58:44,990 - DEBUG - Iter 1/1 for strat_2_Slashdot0902_lhs68_20260304_231705...
2026-03-05 01:58:44,991 - DEBUG - Running: java -cp fastutil-8.2.2.jar:mosso-strat_2.jar mosso.Run datasets/Slashdot0902.txt strat_2_Slashdot0902_lhs68_20260304_231705_run1 mosso 3 115 1000 16
2026-03-05 01:59:10,036 - INFO - [Slashdot0902 | strat_2] Testing Config 69/100: {'e': 1, 'c': 205, 'interval': 1000, 'h': 25}
2026-03-05 01:59:10,036 - DEBUG - Iter 1/1 for strat_2_Slashdot0902_lhs69_20260304_231705...
2026-03-05 01:59:10,037 - DEBUG - Running: java -cp fastutil-8.2.2.jar:mosso-strat_2.jar mosso.Run datasets/Slashdot0902.txt strat_2_Slashdot0902_lhs69_20260304_231705_run1 mosso 1 205 1000 25
2026-03-05 01:59:57,101 - INFO - [Slashdot0902 | strat_2] Testing Config 70/100: {'e': 8, 'c': 227, 'interval': 1000, 'h': 30}
2026-03-05 01:59:57,101 - DEBUG - Iter 1/1 for strat_2_Slashdot0902_lhs70_20260304_231705...
2026-03-05 01:59:57,101 - DEBUG - Running: java -cp fastutil-8.2.2.jar:mosso-strat_2.jar mosso.Run datasets/Slashdot0902.txt strat_2_Slashdot0902_lhs70_20260304_231705_run1 mosso 8 227 1000 30
2026-03-05 02:00:51,665 - INFO - [Slashdot0902 | strat_2] Testing Config 71/100: {'e': 4, 'c': 74, 'interval': 1000, 'h': 21}
2026-03-05 02:00:51,665 - DEBUG - Iter 1/1 for strat_2_Slashdot0902_lhs71_20260304_231705...
2026-03-05 02:00:51,666 - DEBUG - Running: java -cp fastutil-8.2.2.jar:mosso-strat_2.jar mosso.Run datasets/Slashdot0902.txt strat_2_Slashdot0902_lhs71_20260304_231705_run1 mosso 4 74 1000 21
2026-03-05 02:01:08,586 - INFO - [Slashdot0902 | strat_2] Testing Config 72/100: {'e': 2, 'c': 105, 'interval': 1000, 'h': 12}
2026-03-05 02:01:08,586 - DEBUG - Iter 1/1 for strat_2_Slashdot0902_lhs72_20260304_231705...
2026-03-05 02:01:08,586 - DEBUG - Running: java -cp fastutil-8.2.2.jar:mosso-strat_2.jar mosso.Run datasets/Slashdot0902.txt strat_2_Slashdot0902_lhs72_20260304_231705_run1 mosso 2 105 1000 12
2026-03-05 02:01:31,035 - INFO - [Slashdot0902 | strat_2] Testing Config 73/100: {'e': 8, 'c': 36, 'interval': 1000, 'h': 24}
2026-03-05 02:01:31,035 - DEBUG - Iter 1/1 for strat_2_Slashdot0902_lhs73_20260304_231705...
2026-03-05 02:01:31,035 - DEBUG - Running: java -cp fastutil-8.2.2.jar:mosso-strat_2.jar mosso.Run datasets/Slashdot0902.txt strat_2_Slashdot0902_lhs73_20260304_231705_run1 mosso 8 36 1000 24
2026-03-05 02:01:39,304 - INFO - [Slashdot0902 | strat_2] Testing Config 74/100: {'e': 8, 'c': 148, 'interval': 1000, 'h': 8}
2026-03-05 02:01:39,304 - DEBUG - Iter 1/1 for strat_2_Slashdot0902_lhs74_20260304_231705...
2026-03-05 02:01:39,304 - DEBUG - Running: java -cp fastutil-8.2.2.jar:mosso-strat_2.jar mosso.Run datasets/Slashdot0902.txt strat_2_Slashdot0902_lhs74_20260304_231705_run1 mosso 8 148 1000 8
2026-03-05 02:02:13,562 - INFO - [Slashdot0902 | strat_2] Testing Config 75/100: {'e': 1, 'c': 32, 'interval': 1000, 'h': 21}
2026-03-05 02:02:13,562 - DEBUG - Iter 1/1 for strat_2_Slashdot0902_lhs75_20260304_231705...
2026-03-05 02:02:13,562 - DEBUG - Running: java -cp fastutil-8.2.2.jar:mosso-strat_2.jar mosso.Run datasets/Slashdot0902.txt strat_2_Slashdot0902_lhs75_20260304_231705_run1 mosso 1 32 1000 21
2026-03-05 02:02:23,203 - INFO - [Slashdot0902 | strat_2] Testing Config 76/100: {'e': 6, 'c': 71, 'interval': 1000, 'h': 34}
2026-03-05 02:02:23,203 - DEBUG - Iter 1/1 for strat_2_Slashdot0902_lhs76_20260304_231705...
2026-03-05 02:02:23,203 - DEBUG - Running: java -cp fastutil-8.2.2.jar:mosso-strat_2.jar mosso.Run datasets/Slashdot0902.txt strat_2_Slashdot0902_lhs76_20260304_231705_run1 mosso 6 71 1000 34
2026-03-05 02:02:40,071 - INFO - [Slashdot0902 | strat_2] Testing Config 77/100: {'e': 1, 'c': 53, 'interval': 1000, 'h': 22}
2026-03-05 02:02:40,071 - DEBUG - Iter 1/1 for strat_2_Slashdot0902_lhs77_20260304_231705...
2026-03-05 02:02:40,071 - DEBUG - Running: java -cp fastutil-8.2.2.jar:mosso-strat_2.jar mosso.Run datasets/Slashdot0902.txt strat_2_Slashdot0902_lhs77_20260304_231705_run1 mosso 1 53 1000 22
2026-03-05 02:02:55,298 - INFO - [Slashdot0902 | strat_2] Testing Config 78/100: {'e': 3, 'c': 43, 'interval': 1000, 'h': 5}
2026-03-05 02:02:55,298 - DEBUG - Iter 1/1 for strat_2_Slashdot0902_lhs78_20260304_231705...
2026-03-05 02:02:55,298 - DEBUG - Running: java -cp fastutil-8.2.2.jar:mosso-strat_2.jar mosso.Run datasets/Slashdot0902.txt strat_2_Slashdot0902_lhs78_20260304_231705_run1 mosso 3 43 1000 5
2026-03-05 02:03:05,781 - INFO - [Slashdot0902 | strat_2] Testing Config 79/100: {'e': 2, 'c': 56, 'interval': 1000, 'h': 19}
2026-03-05 02:03:05,781 - DEBUG - Iter 1/1 for strat_2_Slashdot0902_lhs79_20260304_231705...
2026-03-05 02:03:05,781 - DEBUG - Running: java -cp fastutil-8.2.2.jar:mosso-strat_2.jar mosso.Run datasets/Slashdot0902.txt strat_2_Slashdot0902_lhs79_20260304_231705_run1 mosso 2 56 1000 19
2026-03-05 02:03:19,091 - INFO - [Slashdot0902 | strat_2] Testing Config 80/100: {'e': 3, 'c': 17, 'interval': 1000, 'h': 7}
2026-03-05 02:03:19,091 - DEBUG - Iter 1/1 for strat_2_Slashdot0902_lhs80_20260304_231705...
2026-03-05 02:03:19,091 - DEBUG - Running: java -cp fastutil-8.2.2.jar:mosso-strat_2.jar mosso.Run datasets/Slashdot0902.txt strat_2_Slashdot0902_lhs80_20260304_231705_run1 mosso 3 17 1000 7
2026-03-05 02:03:24,032 - INFO - [Slashdot0902 | strat_2] Testing Config 81/100: {'e': 4, 'c': 217, 'interval': 1000, 'h': 19}
2026-03-05 02:03:24,032 - DEBUG - Iter 1/1 for strat_2_Slashdot0902_lhs81_20260304_231705...
2026-03-05 02:03:24,032 - DEBUG - Running: java -cp fastutil-8.2.2.jar:mosso-strat_2.jar mosso.Run datasets/Slashdot0902.txt strat_2_Slashdot0902_lhs81_20260304_231705_run1 mosso 4 217 1000 19
2026-03-05 02:04:13,922 - INFO - [Slashdot0902 | strat_2] Testing Config 82/100: {'e': 7, 'c': 193, 'interval': 1000, 'h': 30}
2026-03-05 02:04:13,922 - DEBUG - Iter 1/1 for strat_2_Slashdot0902_lhs82_20260304_231705...
2026-03-05 02:04:13,923 - DEBUG - Running: java -cp fastutil-8.2.2.jar:mosso-strat_2.jar mosso.Run datasets/Slashdot0902.txt strat_2_Slashdot0902_lhs82_20260304_231705_run1 mosso 7 193 1000 30
2026-03-05 02:04:55,633 - INFO - [Slashdot0902 | strat_2] Testing Config 83/100: {'e': 7, 'c': 138, 'interval': 1000, 'h': 34}
2026-03-05 02:04:55,633 - DEBUG - Iter 1/1 for strat_2_Slashdot0902_lhs83_20260304_231705...
2026-03-05 02:04:55,633 - DEBUG - Running: java -cp fastutil-8.2.2.jar:mosso-strat_2.jar mosso.Run datasets/Slashdot0902.txt strat_2_Slashdot0902_lhs83_20260304_231705_run1 mosso 7 138 1000 34
2026-03-05 02:05:27,515 - INFO - [Slashdot0902 | strat_2] Testing Config 84/100: {'e': 3, 'c': 201, 'interval': 1000, 'h': 20}
2026-03-05 02:05:27,516 - DEBUG - Iter 1/1 for strat_2_Slashdot0902_lhs84_20260304_231705...
2026-03-05 02:05:27,516 - DEBUG - Running: java -cp fastutil-8.2.2.jar:mosso-strat_2.jar mosso.Run datasets/Slashdot0902.txt strat_2_Slashdot0902_lhs84_20260304_231705_run1 mosso 3 201 1000 20
2026-03-05 02:06:11,759 - INFO - [Slashdot0902 | strat_2] Testing Config 85/100: {'e': 3, 'c': 73, 'interval': 1000, 'h': 10}
2026-03-05 02:06:11,759 - DEBUG - Iter 1/1 for strat_2_Slashdot0902_lhs85_20260304_231705...
2026-03-05 02:06:11,759 - DEBUG - Running: java -cp fastutil-8.2.2.jar:mosso-strat_2.jar mosso.Run datasets/Slashdot0902.txt strat_2_Slashdot0902_lhs85_20260304_231705_run1 mosso 3 73 1000 10
2026-03-05 02:06:28,671 - INFO - [Slashdot0902 | strat_2] Testing Config 86/100: {'e': 8, 'c': 212, 'interval': 1000, 'h': 39}
2026-03-05 02:06:28,671 - DEBUG - Iter 1/1 for strat_2_Slashdot0902_lhs86_20260304_231705...
2026-03-05 02:06:28,671 - DEBUG - Running: java -cp fastutil-8.2.2.jar:mosso-strat_2.jar mosso.Run datasets/Slashdot0902.txt strat_2_Slashdot0902_lhs86_20260304_231705_run1 mosso 8 212 1000 39
2026-03-05 02:07:19,997 - INFO - [Slashdot0902 | strat_2] Testing Config 87/100: {'e': 6, 'c': 132, 'interval': 1000, 'h': 28}
2026-03-05 02:07:19,997 - DEBUG - Iter 1/1 for strat_2_Slashdot0902_lhs87_20260304_231705...
2026-03-05 02:07:19,997 - DEBUG - Running: java -cp fastutil-8.2.2.jar:mosso-strat_2.jar mosso.Run datasets/Slashdot0902.txt strat_2_Slashdot0902_lhs87_20260304_231705_run1 mosso 6 132 1000 28
2026-03-05 02:07:49,420 - INFO - [Slashdot0902 | strat_2] Testing Config 88/100: {'e': 7, 'c': 14, 'interval': 1000, 'h': 5}
2026-03-05 02:07:49,420 - DEBUG - Iter 1/1 for strat_2_Slashdot0902_lhs88_20260304_231705...
2026-03-05 02:07:49,420 - DEBUG - Running: java -cp fastutil-8.2.2.jar:mosso-strat_2.jar mosso.Run datasets/Slashdot0902.txt strat_2_Slashdot0902_lhs88_20260304_231705_run1 mosso 7 14 1000 5
2026-03-05 02:07:53,813 - INFO - [Slashdot0902 | strat_2] Testing Config 89/100: {'e': 4, 'c': 163, 'interval': 1000, 'h': 16}
2026-03-05 02:07:53,813 - DEBUG - Iter 1/1 for strat_2_Slashdot0902_lhs89_20260304_231705...
2026-03-05 02:07:53,814 - DEBUG - Running: java -cp fastutil-8.2.2.jar:mosso-strat_2.jar mosso.Run datasets/Slashdot0902.txt strat_2_Slashdot0902_lhs89_20260304_231705_run1 mosso 4 163 1000 16
2026-03-05 02:08:29,406 - INFO - [Slashdot0902 | strat_2] Testing Config 90/100: {'e': 1, 'c': 59, 'interval': 1000, 'h': 16}
2026-03-05 02:08:29,406 - DEBUG - Iter 1/1 for strat_2_Slashdot0902_lhs90_20260304_231705...
2026-03-05 02:08:29,406 - DEBUG - Running: java -cp fastutil-8.2.2.jar:mosso-strat_2.jar mosso.Run datasets/Slashdot0902.txt strat_2_Slashdot0902_lhs90_20260304_231705_run1 mosso 1 59 1000 16
2026-03-05 02:08:45,117 - INFO - [Slashdot0902 | strat_2] Testing Config 91/100: {'e': 5, 'c': 98, 'interval': 1000, 'h': 29}
2026-03-05 02:08:45,117 - DEBUG - Iter 1/1 for strat_2_Slashdot0902_lhs91_20260304_231705...
2026-03-05 02:08:45,117 - DEBUG - Running: java -cp fastutil-8.2.2.jar:mosso-strat_2.jar mosso.Run datasets/Slashdot0902.txt strat_2_Slashdot0902_lhs91_20260304_231705_run1 mosso 5 98 1000 29
2026-03-05 02:09:06,365 - INFO - [Slashdot0902 | strat_2] Testing Config 92/100: {'e': 5, 'c': 170, 'interval': 1000, 'h': 13}
2026-03-05 02:09:06,366 - DEBUG - Iter 1/1 for strat_2_Slashdot0902_lhs92_20260304_231705...
2026-03-05 02:09:06,366 - DEBUG - Running: java -cp fastutil-8.2.2.jar:mosso-strat_2.jar mosso.Run datasets/Slashdot0902.txt strat_2_Slashdot0902_lhs92_20260304_231705_run1 mosso 5 170 1000 13
2026-03-05 02:09:44,321 - INFO - [Slashdot0902 | strat_2] Testing Config 93/100: {'e': 8, 'c': 139, 'interval': 1000, 'h': 39}
2026-03-05 02:09:44,321 - DEBUG - Iter 1/1 for strat_2_Slashdot0902_lhs93_20260304_231705...
2026-03-05 02:09:44,322 - DEBUG - Running: java -cp fastutil-8.2.2.jar:mosso-strat_2.jar mosso.Run datasets/Slashdot0902.txt strat_2_Slashdot0902_lhs93_20260304_231705_run1 mosso 8 139 1000 39
2026-03-05 02:10:16,519 - INFO - [Slashdot0902 | strat_2] Testing Config 94/100: {'e': 7, 'c': 120, 'interval': 1000, 'h': 37}
2026-03-05 02:10:16,519 - DEBUG - Iter 1/1 for strat_2_Slashdot0902_lhs94_20260304_231705...
2026-03-05 02:10:16,519 - DEBUG - Running: java -cp fastutil-8.2.2.jar:mosso-strat_2.jar mosso.Run datasets/Slashdot0902.txt strat_2_Slashdot0902_lhs94_20260304_231705_run1 mosso 7 120 1000 37
2026-03-05 02:10:44,294 - INFO - [Slashdot0902 | strat_2] Testing Config 95/100: {'e': 5, 'c': 16, 'interval': 1000, 'h': 10}
2026-03-05 02:10:44,294 - DEBUG - Iter 1/1 for strat_2_Slashdot0902_lhs95_20260304_231705...
2026-03-05 02:10:44,294 - DEBUG - Running: java -cp fastutil-8.2.2.jar:mosso-strat_2.jar mosso.Run datasets/Slashdot0902.txt strat_2_Slashdot0902_lhs95_20260304_231705_run1 mosso 5 16 1000 10
2026-03-05 02:10:49,434 - INFO - [Slashdot0902 | strat_2] Testing Config 96/100: {'e': 6, 'c': 49, 'interval': 1000, 'h': 18}
2026-03-05 02:10:49,434 - DEBUG - Iter 1/1 for strat_2_Slashdot0902_lhs96_20260304_231705...
2026-03-05 02:10:49,434 - DEBUG - Running: java -cp fastutil-8.2.2.jar:mosso-strat_2.jar mosso.Run datasets/Slashdot0902.txt strat_2_Slashdot0902_lhs96_20260304_231705_run1 mosso 6 49 1000 18
2026-03-05 02:11:01,101 - INFO - [Slashdot0902 | strat_2] Testing Config 97/100: {'e': 6, 'c': 156, 'interval': 1000, 'h': 35}
2026-03-05 02:11:01,101 - DEBUG - Iter 1/1 for strat_2_Slashdot0902_lhs97_20260304_231705...
2026-03-05 02:11:01,101 - DEBUG - Running: java -cp fastutil-8.2.2.jar:mosso-strat_2.jar mosso.Run datasets/Slashdot0902.txt strat_2_Slashdot0902_lhs97_20260304_231705_run1 mosso 6 156 1000 35
2026-03-05 02:11:36,352 - INFO - [Slashdot0902 | strat_2] Testing Config 98/100: {'e': 4, 'c': 236, 'interval': 1000, 'h': 23}
2026-03-05 02:11:36,352 - DEBUG - Iter 1/1 for strat_2_Slashdot0902_lhs98_20260304_231705...
2026-03-05 02:11:36,352 - DEBUG - Running: java -cp fastutil-8.2.2.jar:mosso-strat_2.jar mosso.Run datasets/Slashdot0902.txt strat_2_Slashdot0902_lhs98_20260304_231705_run1 mosso 4 236 1000 23
2026-03-05 02:12:29,039 - INFO - [Slashdot0902 | strat_2] Testing Config 99/100: {'e': 2, 'c': 212, 'interval': 1000, 'h': 23}
2026-03-05 02:12:29,039 - DEBUG - Iter 1/1 for strat_2_Slashdot0902_lhs99_20260304_231705...
2026-03-05 02:12:29,039 - DEBUG - Running: java -cp fastutil-8.2.2.jar:mosso-strat_2.jar mosso.Run datasets/Slashdot0902.txt strat_2_Slashdot0902_lhs99_20260304_231705_run1 mosso 2 212 1000 23
2026-03-05 02:13:12,427 - INFO - [Slashdot0902 | strat_2] Testing Config 100/100: {'e': 1, 'c': 175, 'interval': 1000, 'h': 23}
2026-03-05 02:13:12,428 - DEBUG - Iter 1/1 for strat_2_Slashdot0902_lhs100_20260304_231705...
2026-03-05 02:13:12,428 - DEBUG - Running: java -cp fastutil-8.2.2.jar:mosso-strat_2.jar mosso.Run datasets/Slashdot0902.txt strat_2_Slashdot0902_lhs100_20260304_231705_run1 mosso 1 175 1000 23
2026-03-05 02:13:53,649 - INFO - [com-dblp.ungraph | strat_2] Testing Config 1/100: {'e': 3, 'c': 33, 'interval': 1000, 'h': 31}
2026-03-05 02:13:53,649 - DEBUG - Iter 1/1 for strat_2_com-dblp.ungraph_lhs1_20260304_231705...
2026-03-05 02:13:53,649 - DEBUG - Running: java -cp fastutil-8.2.2.jar:mosso-strat_2.jar mosso.Run datasets/com-dblp.ungraph.txt strat_2_com-dblp.ungraph_lhs1_20260304_231705_run1 mosso 3 33 1000 31
2026-03-05 02:14:10,559 - INFO - [com-dblp.ungraph | strat_2] Testing Config 2/100: {'e': 3, 'c': 59, 'interval': 1000, 'h': 33}
2026-03-05 02:14:10,559 - DEBUG - Iter 1/1 for strat_2_com-dblp.ungraph_lhs2_20260304_231705...
2026-03-05 02:14:10,559 - DEBUG - Running: java -cp fastutil-8.2.2.jar:mosso-strat_2.jar mosso.Run datasets/com-dblp.ungraph.txt strat_2_com-dblp.ungraph_lhs2_20260304_231705_run1 mosso 3 59 1000 33
2026-03-05 02:14:35,829 - INFO - [com-dblp.ungraph | strat_2] Testing Config 3/100: {'e': 8, 'c': 123, 'interval': 1000, 'h': 10}
2026-03-05 02:14:35,829 - DEBUG - Iter 1/1 for strat_2_com-dblp.ungraph_lhs3_20260304_231705...
2026-03-05 02:14:35,829 - DEBUG - Running: java -cp fastutil-8.2.2.jar:mosso-strat_2.jar mosso.Run datasets/com-dblp.ungraph.txt strat_2_com-dblp.ungraph_lhs3_20260304_231705_run1 mosso 8 123 1000 10
2026-03-05 02:15:35,943 - INFO - [com-dblp.ungraph | strat_2] Testing Config 4/100: {'e': 6, 'c': 105, 'interval': 1000, 'h': 36}
2026-03-05 02:15:35,943 - DEBUG - Iter 1/1 for strat_2_com-dblp.ungraph_lhs4_20260304_231705...
2026-03-05 02:15:35,943 - DEBUG - Running: java -cp fastutil-8.2.2.jar:mosso-strat_2.jar mosso.Run datasets/com-dblp.ungraph.txt strat_2_com-dblp.ungraph_lhs4_20260304_231705_run1 mosso 6 105 1000 36
2026-03-05 02:16:33,695 - INFO - [com-dblp.ungraph | strat_2] Testing Config 5/100: {'e': 2, 'c': 63, 'interval': 1000, 'h': 39}
2026-03-05 02:16:33,695 - DEBUG - Iter 1/1 for strat_2_com-dblp.ungraph_lhs5_20260304_231705...
2026-03-05 02:16:33,695 - DEBUG - Running: java -cp fastutil-8.2.2.jar:mosso-strat_2.jar mosso.Run datasets/com-dblp.ungraph.txt strat_2_com-dblp.ungraph_lhs5_20260304_231705_run1 mosso 2 63 1000 39
2026-03-05 02:17:01,156 - INFO - [com-dblp.ungraph | strat_2] Testing Config 6/100: {'e': 5, 'c': 26, 'interval': 1000, 'h': 9}
2026-03-05 02:17:01,157 - DEBUG - Iter 1/1 for strat_2_com-dblp.ungraph_lhs6_20260304_231705...
2026-03-05 02:17:01,157 - DEBUG - Running: java -cp fastutil-8.2.2.jar:mosso-strat_2.jar mosso.Run datasets/com-dblp.ungraph.txt strat_2_com-dblp.ungraph_lhs6_20260304_231705_run1 mosso 5 26 1000 9
2026-03-05 02:17:15,551 - INFO - [com-dblp.ungraph | strat_2] Testing Config 7/100: {'e': 1, 'c': 215, 'interval': 1000, 'h': 24}
2026-03-05 02:17:15,551 - DEBUG - Iter 1/1 for strat_2_com-dblp.ungraph_lhs7_20260304_231705...
2026-03-05 02:17:15,551 - DEBUG - Running: java -cp fastutil-8.2.2.jar:mosso-strat_2.jar mosso.Run datasets/com-dblp.ungraph.txt strat_2_com-dblp.ungraph_lhs7_20260304_231705_run1 mosso 1 215 1000 24
2026-03-05 02:19:04,324 - INFO - [com-dblp.ungraph | strat_2] Testing Config 8/100: {'e': 6, 'c': 110, 'interval': 1000, 'h': 27}
2026-03-05 02:19:04,324 - DEBUG - Iter 1/1 for strat_2_com-dblp.ungraph_lhs8_20260304_231705...
2026-03-05 02:19:04,324 - DEBUG - Running: java -cp fastutil-8.2.2.jar:mosso-strat_2.jar mosso.Run datasets/com-dblp.ungraph.txt strat_2_com-dblp.ungraph_lhs8_20260304_231705_run1 mosso 6 110 1000 27
2026-03-05 02:19:56,603 - INFO - [com-dblp.ungraph | strat_2] Testing Config 9/100: {'e': 2, 'c': 192, 'interval': 1000, 'h': 27}
2026-03-05 02:19:56,603 - DEBUG - Iter 1/1 for strat_2_com-dblp.ungraph_lhs9_20260304_231705...
2026-03-05 02:19:56,603 - DEBUG - Running: java -cp fastutil-8.2.2.jar:mosso-strat_2.jar mosso.Run datasets/com-dblp.ungraph.txt strat_2_com-dblp.ungraph_lhs9_20260304_231705_run1 mosso 2 192 1000 27
2026-03-05 02:21:34,000 - INFO - [com-dblp.ungraph | strat_2] Testing Config 10/100: {'e': 7, 'c': 50, 'interval': 1000, 'h': 18}
2026-03-05 02:21:34,000 - DEBUG - Iter 1/1 for strat_2_com-dblp.ungraph_lhs10_20260304_231705...
2026-03-05 02:21:34,000 - DEBUG - Running: java -cp fastutil-8.2.2.jar:mosso-strat_2.jar mosso.Run datasets/com-dblp.ungraph.txt strat_2_com-dblp.ungraph_lhs10_20260304_231705_run1 mosso 7 50 1000 18
2026-03-05 02:22:01,128 - INFO - [com-dblp.ungraph | strat_2] Testing Config 11/100: {'e': 7, 'c': 117, 'interval': 1000, 'h': 32}
2026-03-05 02:22:01,128 - DEBUG - Iter 1/1 for strat_2_com-dblp.ungraph_lhs11_20260304_231705...
2026-03-05 02:22:01,128 - DEBUG - Running: java -cp fastutil-8.2.2.jar:mosso-strat_2.jar mosso.Run datasets/com-dblp.ungraph.txt strat_2_com-dblp.ungraph_lhs11_20260304_231705_run1 mosso 7 117 1000 32
2026-03-05 02:23:08,898 - INFO - [com-dblp.ungraph | strat_2] Testing Config 12/100: {'e': 2, 'c': 218, 'interval': 1000, 'h': 19}
2026-03-05 02:23:08,898 - DEBUG - Iter 1/1 for strat_2_com-dblp.ungraph_lhs12_20260304_231705...
2026-03-05 02:23:08,898 - DEBUG - Running: java -cp fastutil-8.2.2.jar:mosso-strat_2.jar mosso.Run datasets/com-dblp.ungraph.txt strat_2_com-dblp.ungraph_lhs12_20260304_231705_run1 mosso 2 218 1000 19
2026-03-05 02:25:01,431 - INFO - [com-dblp.ungraph | strat_2] Testing Config 13/100: {'e': 6, 'c': 239, 'interval': 1000, 'h': 26}
2026-03-05 02:25:01,431 - DEBUG - Iter 1/1 for strat_2_com-dblp.ungraph_lhs13_20260304_231705...
2026-03-05 02:25:01,431 - DEBUG - Running: java -cp fastutil-8.2.2.jar:mosso-strat_2.jar mosso.Run datasets/com-dblp.ungraph.txt strat_2_com-dblp.ungraph_lhs13_20260304_231705_run1 mosso 6 239 1000 26
2026-03-05 02:28:05,758 - INFO - [com-dblp.ungraph | strat_2] Testing Config 14/100: {'e': 8, 'c': 89, 'interval': 1000, 'h': 15}
2026-03-05 02:28:05,758 - DEBUG - Iter 1/1 for strat_2_com-dblp.ungraph_lhs14_20260304_231705...
2026-03-05 02:28:05,758 - DEBUG - Running: java -cp fastutil-8.2.2.jar:mosso-strat_2.jar mosso.Run datasets/com-dblp.ungraph.txt strat_2_com-dblp.ungraph_lhs14_20260304_231705_run1 mosso 8 89 1000 15
2026-03-05 02:28:47,160 - INFO - [com-dblp.ungraph | strat_2] Testing Config 15/100: {'e': 6, 'c': 41, 'interval': 1000, 'h': 16}
2026-03-05 02:28:47,160 - DEBUG - Iter 1/1 for strat_2_com-dblp.ungraph_lhs15_20260304_231705...
2026-03-05 02:28:47,160 - DEBUG - Running: java -cp fastutil-8.2.2.jar:mosso-strat_2.jar mosso.Run datasets/com-dblp.ungraph.txt strat_2_com-dblp.ungraph_lhs15_20260304_231705_run1 mosso 6 41 1000 16
2026-03-05 02:29:08,270 - INFO - [com-dblp.ungraph | strat_2] Testing Config 16/100: {'e': 4, 'c': 68, 'interval': 1000, 'h': 29}
2026-03-05 02:29:08,270 - DEBUG - Iter 1/1 for strat_2_com-dblp.ungraph_lhs16_20260304_231705...
2026-03-05 02:29:08,270 - DEBUG - Running: java -cp fastutil-8.2.2.jar:mosso-strat_2.jar mosso.Run datasets/com-dblp.ungraph.txt strat_2_com-dblp.ungraph_lhs16_20260304_231705_run1 mosso 4 68 1000 29
2026-03-05 02:29:42,408 - INFO - [com-dblp.ungraph | strat_2] Testing Config 17/100: {'e': 2, 'c': 56, 'interval': 1000, 'h': 35}
2026-03-05 02:29:42,408 - DEBUG - Iter 1/1 for strat_2_com-dblp.ungraph_lhs17_20260304_231705...
2026-03-05 02:29:42,409 - DEBUG - Running: java -cp fastutil-8.2.2.jar:mosso-strat_2.jar mosso.Run datasets/com-dblp.ungraph.txt strat_2_com-dblp.ungraph_lhs17_20260304_231705_run1 mosso 2 56 1000 35
2026-03-05 02:30:08,951 - INFO - [com-dblp.ungraph | strat_2] Testing Config 18/100: {'e': 3, 'c': 150, 'interval': 1000, 'h': 33}
2026-03-05 02:30:08,951 - DEBUG - Iter 1/1 for strat_2_com-dblp.ungraph_lhs18_20260304_231705...
2026-03-05 02:30:08,951 - DEBUG - Running: java -cp fastutil-8.2.2.jar:mosso-strat_2.jar mosso.Run datasets/com-dblp.ungraph.txt strat_2_com-dblp.ungraph_lhs18_20260304_231705_run1 mosso 3 150 1000 33
2026-03-05 02:31:17,576 - INFO - [com-dblp.ungraph | strat_2] Testing Config 19/100: {'e': 5, 'c': 146, 'interval': 1000, 'h': 33}
2026-03-05 02:31:17,576 - DEBUG - Iter 1/1 for strat_2_com-dblp.ungraph_lhs19_20260304_231705...
2026-03-05 02:31:17,576 - DEBUG - Running: java -cp fastutil-8.2.2.jar:mosso-strat_2.jar mosso.Run datasets/com-dblp.ungraph.txt strat_2_com-dblp.ungraph_lhs19_20260304_231705_run1 mosso 5 146 1000 33
2026-03-05 02:32:46,207 - INFO - [com-dblp.ungraph | strat_2] Testing Config 20/100: {'e': 1, 'c': 119, 'interval': 1000, 'h': 17}
2026-03-05 02:32:46,207 - DEBUG - Iter 1/1 for strat_2_com-dblp.ungraph_lhs20_20260304_231705...
2026-03-05 02:32:46,207 - DEBUG - Running: java -cp fastutil-8.2.2.jar:mosso-strat_2.jar mosso.Run datasets/com-dblp.ungraph.txt strat_2_com-dblp.ungraph_lhs20_20260304_231705_run1 mosso 1 119 1000 17
2026-03-05 02:33:49,625 - INFO - [com-dblp.ungraph | strat_2] Testing Config 21/100: {'e': 3, 'c': 144, 'interval': 1000, 'h': 32}
2026-03-05 02:33:49,625 - DEBUG - Iter 1/1 for strat_2_com-dblp.ungraph_lhs21_20260304_231705...
2026-03-05 02:33:49,625 - DEBUG - Running: java -cp fastutil-8.2.2.jar:mosso-strat_2.jar mosso.Run datasets/com-dblp.ungraph.txt strat_2_com-dblp.ungraph_lhs21_20260304_231705_run1 mosso 3 144 1000 32
2026-03-05 02:35:13,922 - INFO - [com-dblp.ungraph | strat_2] Testing Config 22/100: {'e': 5, 'c': 171, 'interval': 1000, 'h': 37}
2026-03-05 02:35:13,922 - DEBUG - Iter 1/1 for strat_2_com-dblp.ungraph_lhs22_20260304_231705...
2026-03-05 02:35:13,922 - DEBUG - Running: java -cp fastutil-8.2.2.jar:mosso-strat_2.jar mosso.Run datasets/com-dblp.ungraph.txt strat_2_com-dblp.ungraph_lhs22_20260304_231705_run1 mosso 5 171 1000 37
2026-03-05 02:36:40,987 - INFO - [com-dblp.ungraph | strat_2] Testing Config 23/100: {'e': 8, 'c': 208, 'interval': 1000, 'h': 9}
2026-03-05 02:36:40,987 - DEBUG - Iter 1/1 for strat_2_com-dblp.ungraph_lhs23_20260304_231705...
2026-03-05 02:36:40,987 - DEBUG - Running: java -cp fastutil-8.2.2.jar:mosso-strat_2.jar mosso.Run datasets/com-dblp.ungraph.txt strat_2_com-dblp.ungraph_lhs23_20260304_231705_run1 mosso 8 208 1000 9
2026-03-05 02:38:37,554 - INFO - [com-dblp.ungraph | strat_2] Testing Config 24/100: {'e': 3, 'c': 122, 'interval': 1000, 'h': 16}
2026-03-05 02:38:37,554 - DEBUG - Iter 1/1 for strat_2_com-dblp.ungraph_lhs24_20260304_231705...
2026-03-05 02:38:37,554 - DEBUG - Running: java -cp fastutil-8.2.2.jar:mosso-strat_2.jar mosso.Run datasets/com-dblp.ungraph.txt strat_2_com-dblp.ungraph_lhs24_20260304_231705_run1 mosso 3 122 1000 16
2026-03-05 02:39:45,216 - INFO - [com-dblp.ungraph | strat_2] Testing Config 25/100: {'e': 8, 'c': 210, 'interval': 1000, 'h': 21}
2026-03-05 02:39:45,216 - DEBUG - Iter 1/1 for strat_2_com-dblp.ungraph_lhs25_20260304_231705...
2026-03-05 02:39:45,216 - DEBUG - Running: java -cp fastutil-8.2.2.jar:mosso-strat_2.jar mosso.Run datasets/com-dblp.ungraph.txt strat_2_com-dblp.ungraph_lhs25_20260304_231705_run1 mosso 8 210 1000 21
2026-03-05 02:42:20,249 - INFO - [com-dblp.ungraph | strat_2] Testing Config 26/100: {'e': 4, 'c': 206, 'interval': 1000, 'h': 39}
2026-03-05 02:42:20,249 - DEBUG - Iter 1/1 for strat_2_com-dblp.ungraph_lhs26_20260304_231705...
2026-03-05 02:42:20,249 - DEBUG - Running: java -cp fastutil-8.2.2.jar:mosso-strat_2.jar mosso.Run datasets/com-dblp.ungraph.txt strat_2_com-dblp.ungraph_lhs26_20260304_231705_run1 mosso 4 206 1000 39
2026-03-05 02:44:44,235 - INFO - [com-dblp.ungraph | strat_2] Testing Config 27/100: {'e': 7, 'c': 230, 'interval': 1000, 'h': 38}
2026-03-05 02:44:44,236 - DEBUG - Iter 1/1 for strat_2_com-dblp.ungraph_lhs27_20260304_231705...
2026-03-05 02:44:44,236 - DEBUG - Running: java -cp fastutil-8.2.2.jar:mosso-strat_2.jar mosso.Run datasets/com-dblp.ungraph.txt strat_2_com-dblp.ungraph_lhs27_20260304_231705_run1 mosso 7 230 1000 38
2026-03-05 02:47:42,795 - INFO - [com-dblp.ungraph | strat_2] Testing Config 28/100: {'e': 8, 'c': 174, 'interval': 1000, 'h': 8}
2026-03-05 02:47:42,795 - DEBUG - Iter 1/1 for strat_2_com-dblp.ungraph_lhs28_20260304_231705...
2026-03-05 02:47:42,795 - DEBUG - Running: java -cp fastutil-8.2.2.jar:mosso-strat_2.jar mosso.Run datasets/com-dblp.ungraph.txt strat_2_com-dblp.ungraph_lhs28_20260304_231705_run1 mosso 8 174 1000 8
2026-03-05 02:49:40,204 - INFO - [com-dblp.ungraph | strat_2] Testing Config 29/100: {'e': 7, 'c': 42, 'interval': 1000, 'h': 16}
2026-03-05 02:49:40,204 - DEBUG - Iter 1/1 for strat_2_com-dblp.ungraph_lhs29_20260304_231705...
2026-03-05 02:49:40,205 - DEBUG - Running: java -cp fastutil-8.2.2.jar:mosso-strat_2.jar mosso.Run datasets/com-dblp.ungraph.txt strat_2_com-dblp.ungraph_lhs29_20260304_231705_run1 mosso 7 42 1000 16
2026-03-05 02:50:00,217 - INFO - [com-dblp.ungraph | strat_2] Testing Config 30/100: {'e': 4, 'c': 154, 'interval': 1000, 'h': 15}
2026-03-05 02:50:00,217 - DEBUG - Iter 1/1 for strat_2_com-dblp.ungraph_lhs30_20260304_231705...
2026-03-05 02:50:00,217 - DEBUG - Running: java -cp fastutil-8.2.2.jar:mosso-strat_2.jar mosso.Run datasets/com-dblp.ungraph.txt strat_2_com-dblp.ungraph_lhs30_20260304_231705_run1 mosso 4 154 1000 15
2026-03-05 02:51:34,397 - INFO - [com-dblp.ungraph | strat_2] Testing Config 31/100: {'e': 1, 'c': 181, 'interval': 1000, 'h': 5}
2026-03-05 02:51:34,397 - DEBUG - Iter 1/1 for strat_2_com-dblp.ungraph_lhs31_20260304_231705...
2026-03-05 02:51:34,397 - DEBUG - Running: java -cp fastutil-8.2.2.jar:mosso-strat_2.jar mosso.Run datasets/com-dblp.ungraph.txt strat_2_com-dblp.ungraph_lhs31_20260304_231705_run1 mosso 1 181 1000 5
2026-03-05 02:53:29,779 - INFO - [com-dblp.ungraph | strat_2] Testing Config 32/100: {'e': 7, 'c': 185, 'interval': 1000, 'h': 20}
2026-03-05 02:53:29,779 - DEBUG - Iter 1/1 for strat_2_com-dblp.ungraph_lhs32_20260304_231705...
2026-03-05 02:53:29,779 - DEBUG - Running: java -cp fastutil-8.2.2.jar:mosso-strat_2.jar mosso.Run datasets/com-dblp.ungraph.txt strat_2_com-dblp.ungraph_lhs32_20260304_231705_run1 mosso 7 185 1000 20
2026-03-05 02:55:37,510 - INFO - [com-dblp.ungraph | strat_2] Testing Config 33/100: {'e': 7, 'c': 30, 'interval': 1000, 'h': 28}
2026-03-05 02:55:37,510 - DEBUG - Iter 1/1 for strat_2_com-dblp.ungraph_lhs33_20260304_231705...
2026-03-05 02:55:37,510 - DEBUG - Running: java -cp fastutil-8.2.2.jar:mosso-strat_2.jar mosso.Run datasets/com-dblp.ungraph.txt strat_2_com-dblp.ungraph_lhs33_20260304_231705_run1 mosso 7 30 1000 28
2026-03-05 02:55:53,045 - INFO - [com-dblp.ungraph | strat_2] Testing Config 34/100: {'e': 1, 'c': 107, 'interval': 1000, 'h': 12}
2026-03-05 02:55:53,045 - DEBUG - Iter 1/1 for strat_2_com-dblp.ungraph_lhs34_20260304_231705...
2026-03-05 02:55:53,045 - DEBUG - Running: java -cp fastutil-8.2.2.jar:mosso-strat_2.jar mosso.Run datasets/com-dblp.ungraph.txt strat_2_com-dblp.ungraph_lhs34_20260304_231705_run1 mosso 1 107 1000 12
2026-03-05 02:56:48,697 - INFO - [com-dblp.ungraph | strat_2] Testing Config 35/100: {'e': 5, 'c': 114, 'interval': 1000, 'h': 39}
2026-03-05 02:56:48,697 - DEBUG - Iter 1/1 for strat_2_com-dblp.ungraph_lhs35_20260304_231705...
2026-03-05 02:56:48,697 - DEBUG - Running: java -cp fastutil-8.2.2.jar:mosso-strat_2.jar mosso.Run datasets/com-dblp.ungraph.txt strat_2_com-dblp.ungraph_lhs35_20260304_231705_run1 mosso 5 114 1000 39
2026-03-05 02:57:43,203 - INFO - [com-dblp.ungraph | strat_2] Testing Config 36/100: {'e': 4, 'c': 36, 'interval': 1000, 'h': 12}
2026-03-05 02:57:43,203 - DEBUG - Iter 1/1 for strat_2_com-dblp.ungraph_lhs36_20260304_231705...
2026-03-05 02:57:43,203 - DEBUG - Running: java -cp fastutil-8.2.2.jar:mosso-strat_2.jar mosso.Run datasets/com-dblp.ungraph.txt strat_2_com-dblp.ungraph_lhs36_20260304_231705_run1 mosso 4 36 1000 12
2026-03-05 02:58:00,529 - INFO - [com-dblp.ungraph | strat_2] Testing Config 37/100: {'e': 8, 'c': 126, 'interval': 1000, 'h': 22}
2026-03-05 02:58:00,529 - DEBUG - Iter 1/1 for strat_2_com-dblp.ungraph_lhs37_20260304_231705...
2026-03-05 02:58:00,530 - DEBUG - Running: java -cp fastutil-8.2.2.jar:mosso-strat_2.jar mosso.Run datasets/com-dblp.ungraph.txt strat_2_com-dblp.ungraph_lhs37_20260304_231705_run1 mosso 8 126 1000 22
2026-03-05 02:59:03,259 - INFO - [com-dblp.ungraph | strat_2] Testing Config 38/100: {'e': 1, 'c': 53, 'interval': 1000, 'h': 31}
2026-03-05 02:59:03,259 - DEBUG - Iter 1/1 for strat_2_com-dblp.ungraph_lhs38_20260304_231705...
2026-03-05 02:59:03,259 - DEBUG - Running: java -cp fastutil-8.2.2.jar:mosso-strat_2.jar mosso.Run datasets/com-dblp.ungraph.txt strat_2_com-dblp.ungraph_lhs38_20260304_231705_run1 mosso 1 53 1000 31
2026-03-05 02:59:27,577 - INFO - [com-dblp.ungraph | strat_2] Testing Config 39/100: {'e': 2, 'c': 227, 'interval': 1000, 'h': 38}
2026-03-05 02:59:27,577 - DEBUG - Iter 1/1 for strat_2_com-dblp.ungraph_lhs39_20260304_231705...
2026-03-05 02:59:27,577 - DEBUG - Running: java -cp fastutil-8.2.2.jar:mosso-strat_2.jar mosso.Run datasets/com-dblp.ungraph.txt strat_2_com-dblp.ungraph_lhs39_20260304_231705_run1 mosso 2 227 1000 38
2026-03-05 03:02:11,611 - INFO - [com-dblp.ungraph | strat_2] Testing Config 40/100: {'e': 1, 'c': 213, 'interval': 1000, 'h': 20}
2026-03-05 03:02:11,611 - DEBUG - Iter 1/1 for strat_2_com-dblp.ungraph_lhs40_20260304_231705...
2026-03-05 03:02:11,611 - DEBUG - Running: java -cp fastutil-8.2.2.jar:mosso-strat_2.jar mosso.Run datasets/com-dblp.ungraph.txt strat_2_com-dblp.ungraph_lhs40_20260304_231705_run1 mosso 1 213 1000 20
2026-03-05 03:04:39,595 - INFO - [com-dblp.ungraph | strat_2] Testing Config 41/100: {'e': 2, 'c': 203, 'interval': 1000, 'h': 7}
2026-03-05 03:04:39,595 - DEBUG - Iter 1/1 for strat_2_com-dblp.ungraph_lhs41_20260304_231705...
2026-03-05 03:04:39,595 - DEBUG - Running: java -cp fastutil-8.2.2.jar:mosso-strat_2.jar mosso.Run datasets/com-dblp.ungraph.txt strat_2_com-dblp.ungraph_lhs41_20260304_231705_run1 mosso 2 203 1000 7
2026-03-05 03:06:20,698 - INFO - [com-dblp.ungraph | strat_2] Testing Config 42/100: {'e': 4, 'c': 197, 'interval': 1000, 'h': 25}
2026-03-05 03:06:20,698 - DEBUG - Iter 1/1 for strat_2_com-dblp.ungraph_lhs42_20260304_231705...
2026-03-05 03:06:20,698 - DEBUG - Running: java -cp fastutil-8.2.2.jar:mosso-strat_2.jar mosso.Run datasets/com-dblp.ungraph.txt strat_2_com-dblp.ungraph_lhs42_20260304_231705_run1 mosso 4 197 1000 25
2026-03-05 03:08:35,756 - INFO - [com-dblp.ungraph | strat_2] Testing Config 43/100: {'e': 2, 'c': 72, 'interval': 1000, 'h': 12}
2026-03-05 03:08:35,757 - DEBUG - Iter 1/1 for strat_2_com-dblp.ungraph_lhs43_20260304_231705...
2026-03-05 03:08:35,757 - DEBUG - Running: java -cp fastutil-8.2.2.jar:mosso-strat_2.jar mosso.Run datasets/com-dblp.ungraph.txt strat_2_com-dblp.ungraph_lhs43_20260304_231705_run1 mosso 2 72 1000 12
2026-03-05 03:09:10,483 - INFO - [com-dblp.ungraph | strat_2] Testing Config 44/100: {'e': 1, 'c': 102, 'interval': 1000, 'h': 30}
2026-03-05 03:09:10,483 - DEBUG - Iter 1/1 for strat_2_com-dblp.ungraph_lhs44_20260304_231705...
2026-03-05 03:09:10,483 - DEBUG - Running: java -cp fastutil-8.2.2.jar:mosso-strat_2.jar mosso.Run datasets/com-dblp.ungraph.txt strat_2_com-dblp.ungraph_lhs44_20260304_231705_run1 mosso 1 102 1000 30
2026-03-05 03:09:52,168 - INFO - [com-dblp.ungraph | strat_2] Testing Config 45/100: {'e': 6, 'c': 92, 'interval': 1000, 'h': 17}
2026-03-05 03:09:52,168 - DEBUG - Iter 1/1 for strat_2_com-dblp.ungraph_lhs45_20260304_231705...
2026-03-05 03:09:52,168 - DEBUG - Running: java -cp fastutil-8.2.2.jar:mosso-strat_2.jar mosso.Run datasets/com-dblp.ungraph.txt strat_2_com-dblp.ungraph_lhs45_20260304_231705_run1 mosso 6 92 1000 17
2026-03-05 03:10:36,115 - INFO - [com-dblp.ungraph | strat_2] Testing Config 46/100: {'e': 4, 'c': 62, 'interval': 1000, 'h': 31}
2026-03-05 03:10:36,115 - DEBUG - Iter 1/1 for strat_2_com-dblp.ungraph_lhs46_20260304_231705...
2026-03-05 03:10:36,116 - DEBUG - Running: java -cp fastutil-8.2.2.jar:mosso-strat_2.jar mosso.Run datasets/com-dblp.ungraph.txt strat_2_com-dblp.ungraph_lhs46_20260304_231705_run1 mosso 4 62 1000 31
2026-03-05 03:11:07,573 - INFO - [com-dblp.ungraph | strat_2] Testing Config 47/100: {'e': 5, 'c': 168, 'interval': 1000, 'h': 24}
2026-03-05 03:11:07,573 - DEBUG - Iter 1/1 for strat_2_com-dblp.ungraph_lhs47_20260304_231705...
2026-03-05 03:11:07,573 - DEBUG - Running: java -cp fastutil-8.2.2.jar:mosso-strat_2.jar mosso.Run datasets/com-dblp.ungraph.txt strat_2_com-dblp.ungraph_lhs47_20260304_231705_run1 mosso 5 168 1000 24
2026-03-05 03:12:56,331 - INFO - [com-dblp.ungraph | strat_2] Testing Config 48/100: {'e': 1, 'c': 80, 'interval': 1000, 'h': 37}
2026-03-05 03:12:56,331 - DEBUG - Iter 1/1 for strat_2_com-dblp.ungraph_lhs48_20260304_231705...
2026-03-05 03:12:56,331 - DEBUG - Running: java -cp fastutil-8.2.2.jar:mosso-strat_2.jar mosso.Run datasets/com-dblp.ungraph.txt strat_2_com-dblp.ungraph_lhs48_20260304_231705_run1 mosso 1 80 1000 37
2026-03-05 03:13:34,583 - INFO - [com-dblp.ungraph | strat_2] Testing Config 49/100: {'e': 4, 'c': 226, 'interval': 1000, 'h': 19}
2026-03-05 03:13:34,583 - DEBUG - Iter 1/1 for strat_2_com-dblp.ungraph_lhs49_20260304_231705...
2026-03-05 03:13:34,583 - DEBUG - Running: java -cp fastutil-8.2.2.jar:mosso-strat_2.jar mosso.Run datasets/com-dblp.ungraph.txt strat_2_com-dblp.ungraph_lhs49_20260304_231705_run1 mosso 4 226 1000 19
2026-03-05 03:15:36,177 - INFO - [com-dblp.ungraph | strat_2] Testing Config 50/100: {'e': 5, 'c': 84, 'interval': 1000, 'h': 4}
2026-03-05 03:15:36,177 - DEBUG - Iter 1/1 for strat_2_com-dblp.ungraph_lhs50_20260304_231705...
2026-03-05 03:15:36,177 - DEBUG - Running: java -cp fastutil-8.2.2.jar:mosso-strat_2.jar mosso.Run datasets/com-dblp.ungraph.txt strat_2_com-dblp.ungraph_lhs50_20260304_231705_run1 mosso 5 84 1000 4
2026-03-05 03:16:20,226 - INFO - [com-dblp.ungraph | strat_2] Testing Config 51/100: {'e': 6, 'c': 23, 'interval': 1000, 'h': 9}
2026-03-05 03:16:20,226 - DEBUG - Iter 1/1 for strat_2_com-dblp.ungraph_lhs51_20260304_231705...
2026-03-05 03:16:20,226 - DEBUG - Running: java -cp fastutil-8.2.2.jar:mosso-strat_2.jar mosso.Run datasets/com-dblp.ungraph.txt strat_2_com-dblp.ungraph_lhs51_20260304_231705_run1 mosso 6 23 1000 9
2026-03-05 03:16:33,128 - INFO - [com-dblp.ungraph | strat_2] Testing Config 52/100: {'e': 3, 'c': 139, 'interval': 1000, 'h': 18}
2026-03-05 03:16:33,128 - DEBUG - Iter 1/1 for strat_2_com-dblp.ungraph_lhs52_20260304_231705...
2026-03-05 03:16:33,128 - DEBUG - Running: java -cp fastutil-8.2.2.jar:mosso-strat_2.jar mosso.Run datasets/com-dblp.ungraph.txt strat_2_com-dblp.ungraph_lhs52_20260304_231705_run1 mosso 3 139 1000 18
2026-03-05 03:17:38,778 - INFO - [com-dblp.ungraph | strat_2] Testing Config 53/100: {'e': 6, 'c': 196, 'interval': 1000, 'h': 30}
2026-03-05 03:17:38,778 - DEBUG - Iter 1/1 for strat_2_com-dblp.ungraph_lhs53_20260304_231705...
2026-03-05 03:17:38,778 - DEBUG - Running: java -cp fastutil-8.2.2.jar:mosso-strat_2.jar mosso.Run datasets/com-dblp.ungraph.txt strat_2_com-dblp.ungraph_lhs53_20260304_231705_run1 mosso 6 196 1000 30
2026-03-05 03:19:21,447 - INFO - [com-dblp.ungraph | strat_2] Testing Config 54/100: {'e': 5, 'c': 219, 'interval': 1000, 'h': 22}
2026-03-05 03:19:21,447 - DEBUG - Iter 1/1 for strat_2_com-dblp.ungraph_lhs54_20260304_231705...
2026-03-05 03:19:21,448 - DEBUG - Running: java -cp fastutil-8.2.2.jar:mosso-strat_2.jar mosso.Run datasets/com-dblp.ungraph.txt strat_2_com-dblp.ungraph_lhs54_20260304_231705_run1 mosso 5 219 1000 22
2026-03-05 03:21:24,269 - INFO - [com-dblp.ungraph | strat_2] Testing Config 55/100: {'e': 7, 'c': 77, 'interval': 1000, 'h': 14}
2026-03-05 03:21:24,270 - DEBUG - Iter 1/1 for strat_2_com-dblp.ungraph_lhs55_20260304_231705...
2026-03-05 03:21:24,270 - DEBUG - Running: java -cp fastutil-8.2.2.jar:mosso-strat_2.jar mosso.Run datasets/com-dblp.ungraph.txt strat_2_com-dblp.ungraph_lhs55_20260304_231705_run1 mosso 7 77 1000 14
2026-03-05 03:22:00,600 - INFO - [com-dblp.ungraph | strat_2] Testing Config 56/100: {'e': 6, 'c': 231, 'interval': 1000, 'h': 23}
2026-03-05 03:22:00,600 - DEBUG - Iter 1/1 for strat_2_com-dblp.ungraph_lhs56_20260304_231705...
2026-03-05 03:22:00,600 - DEBUG - Running: java -cp fastutil-8.2.2.jar:mosso-strat_2.jar mosso.Run datasets/com-dblp.ungraph.txt strat_2_com-dblp.ungraph_lhs56_20260304_231705_run1 mosso 6 231 1000 23
2026-03-05 03:24:10,349 - INFO - [com-dblp.ungraph | strat_2] Testing Config 57/100: {'e': 3, 'c': 86, 'interval': 1000, 'h': 21}
2026-03-05 03:24:10,349 - DEBUG - Iter 1/1 for strat_2_com-dblp.ungraph_lhs57_20260304_231705...
2026-03-05 03:24:10,349 - DEBUG - Running: java -cp fastutil-8.2.2.jar:mosso-strat_2.jar mosso.Run datasets/com-dblp.ungraph.txt strat_2_com-dblp.ungraph_lhs57_20260304_231705_run1 mosso 3 86 1000 21
2026-03-05 03:24:54,538 - INFO - [com-dblp.ungraph | strat_2] Testing Config 58/100: {'e': 7, 'c': 134, 'interval': 1000, 'h': 4}
2026-03-05 03:24:54,538 - DEBUG - Iter 1/1 for strat_2_com-dblp.ungraph_lhs58_20260304_231705...
2026-03-05 03:24:54,539 - DEBUG - Running: java -cp fastutil-8.2.2.jar:mosso-strat_2.jar mosso.Run datasets/com-dblp.ungraph.txt strat_2_com-dblp.ungraph_lhs58_20260304_231705_run1 mosso 7 134 1000 4
2026-03-05 03:26:01,770 - INFO - [com-dblp.ungraph | strat_2] Testing Config 59/100: {'e': 5, 'c': 159, 'interval': 1000, 'h': 33}
2026-03-05 03:26:01,770 - DEBUG - Iter 1/1 for strat_2_com-dblp.ungraph_lhs59_20260304_231705...
2026-03-05 03:26:01,770 - DEBUG - Running: java -cp fastutil-8.2.2.jar:mosso-strat_2.jar mosso.Run datasets/com-dblp.ungraph.txt strat_2_com-dblp.ungraph_lhs59_20260304_231705_run1 mosso 5 159 1000 33
2026-03-05 03:27:42,617 - INFO - [com-dblp.ungraph | strat_2] Testing Config 60/100: {'e': 7, 'c': 189, 'interval': 1000, 'h': 24}
2026-03-05 03:27:42,617 - DEBUG - Iter 1/1 for strat_2_com-dblp.ungraph_lhs60_20260304_231705...
2026-03-05 03:27:42,618 - DEBUG - Running: java -cp fastutil-8.2.2.jar:mosso-strat_2.jar mosso.Run datasets/com-dblp.ungraph.txt strat_2_com-dblp.ungraph_lhs60_20260304_231705_run1 mosso 7 189 1000 24
2026-03-05 03:29:53,564 - INFO - [com-dblp.ungraph | strat_2] Testing Config 61/100: {'e': 8, 'c': 95, 'interval': 1000, 'h': 34}
2026-03-05 03:29:53,564 - DEBUG - Iter 1/1 for strat_2_com-dblp.ungraph_lhs61_20260304_231705...
2026-03-05 03:29:53,564 - DEBUG - Running: java -cp fastutil-8.2.2.jar:mosso-strat_2.jar mosso.Run datasets/com-dblp.ungraph.txt strat_2_com-dblp.ungraph_lhs61_20260304_231705_run1 mosso 8 95 1000 34
2026-03-05 03:30:37,388 - INFO - [com-dblp.ungraph | strat_2] Testing Config 62/100: {'e': 2, 'c': 138, 'interval': 1000, 'h': 13}
2026-03-05 03:30:37,388 - DEBUG - Iter 1/1 for strat_2_com-dblp.ungraph_lhs62_20260304_231705...
2026-03-05 03:30:37,388 - DEBUG - Running: java -cp fastutil-8.2.2.jar:mosso-strat_2.jar mosso.Run datasets/com-dblp.ungraph.txt strat_2_com-dblp.ungraph_lhs62_20260304_231705_run1 mosso 2 138 1000 13
2026-03-05 03:31:56,057 - INFO - [com-dblp.ungraph | strat_2] Testing Config 63/100: {'e': 5, 'c': 179, 'interval': 1000, 'h': 21}
2026-03-05 03:31:56,057 - DEBUG - Iter 1/1 for strat_2_com-dblp.ungraph_lhs63_20260304_231705...
2026-03-05 03:31:56,057 - DEBUG - Running: java -cp fastutil-8.2.2.jar:mosso-strat_2.jar mosso.Run datasets/com-dblp.ungraph.txt strat_2_com-dblp.ungraph_lhs63_20260304_231705_run1 mosso 5 179 1000 21
2026-03-05 03:33:55,277 - INFO - [com-dblp.ungraph | strat_2] Testing Config 64/100: {'e': 6, 'c': 75, 'interval': 1000, 'h': 23}
2026-03-05 03:33:55,277 - DEBUG - Iter 1/1 for strat_2_com-dblp.ungraph_lhs64_20260304_231705...
2026-03-05 03:33:55,277 - DEBUG - Running: java -cp fastutil-8.2.2.jar:mosso-strat_2.jar mosso.Run datasets/com-dblp.ungraph.txt strat_2_com-dblp.ungraph_lhs64_20260304_231705_run1 mosso 6 75 1000 23
2026-03-05 03:34:34,653 - INFO - [com-dblp.ungraph | strat_2] Testing Config 65/100: {'e': 6, 'c': 30, 'interval': 1000, 'h': 25}
2026-03-05 03:34:34,653 - DEBUG - Iter 1/1 for strat_2_com-dblp.ungraph_lhs65_20260304_231705...
2026-03-05 03:34:34,653 - DEBUG - Running: java -cp fastutil-8.2.2.jar:mosso-strat_2.jar mosso.Run datasets/com-dblp.ungraph.txt strat_2_com-dblp.ungraph_lhs65_20260304_231705_run1 mosso 6 30 1000 25
2026-03-05 03:34:50,135 - INFO - [com-dblp.ungraph | strat_2] Testing Config 66/100: {'e': 3, 'c': 133, 'interval': 1000, 'h': 38}
2026-03-05 03:34:50,135 - DEBUG - Iter 1/1 for strat_2_com-dblp.ungraph_lhs66_20260304_231705...
2026-03-05 03:34:50,135 - DEBUG - Running: java -cp fastutil-8.2.2.jar:mosso-strat_2.jar mosso.Run datasets/com-dblp.ungraph.txt strat_2_com-dblp.ungraph_lhs66_20260304_231705_run1 mosso 3 133 1000 38
2026-03-05 03:36:06,330 - INFO - [com-dblp.ungraph | strat_2] Testing Config 67/100: {'e': 8, 'c': 12, 'interval': 1000, 'h': 13}
2026-03-05 03:36:06,330 - DEBUG - Iter 1/1 for strat_2_com-dblp.ungraph_lhs67_20260304_231705...
2026-03-05 03:36:06,330 - DEBUG - Running: java -cp fastutil-8.2.2.jar:mosso-strat_2.jar mosso.Run datasets/com-dblp.ungraph.txt strat_2_com-dblp.ungraph_lhs67_20260304_231705_run1 mosso 8 12 1000 13
2026-03-05 03:36:14,128 - INFO - [com-dblp.ungraph | strat_2] Testing Config 68/100: {'e': 4, 'c': 19, 'interval': 1000, 'h': 19}
2026-03-05 03:36:14,128 - DEBUG - Iter 1/1 for strat_2_com-dblp.ungraph_lhs68_20260304_231705...
2026-03-05 03:36:14,128 - DEBUG - Running: java -cp fastutil-8.2.2.jar:mosso-strat_2.jar mosso.Run datasets/com-dblp.ungraph.txt strat_2_com-dblp.ungraph_lhs68_20260304_231705_run1 mosso 4 19 1000 19
2026-03-05 03:36:25,442 - INFO - [com-dblp.ungraph | strat_2] Testing Config 69/100: {'e': 6, 'c': 164, 'interval': 1000, 'h': 8}
2026-03-05 03:36:25,442 - DEBUG - Iter 1/1 for strat_2_com-dblp.ungraph_lhs69_20260304_231705...
2026-03-05 03:36:25,443 - DEBUG - Running: java -cp fastutil-8.2.2.jar:mosso-strat_2.jar mosso.Run datasets/com-dblp.ungraph.txt strat_2_com-dblp.ungraph_lhs69_20260304_231705_run1 mosso 6 164 1000 8
2026-03-05 03:38:11,174 - INFO - [com-dblp.ungraph | strat_2] Testing Config 70/100: {'e': 8, 'c': 142, 'interval': 1000, 'h': 35}
2026-03-05 03:38:11,174 - DEBUG - Iter 1/1 for strat_2_com-dblp.ungraph_lhs70_20260304_231705...
2026-03-05 03:38:11,174 - DEBUG - Running: java -cp fastutil-8.2.2.jar:mosso-strat_2.jar mosso.Run datasets/com-dblp.ungraph.txt strat_2_com-dblp.ungraph_lhs70_20260304_231705_run1 mosso 8 142 1000 35
2026-03-05 03:39:20,047 - INFO - [com-dblp.ungraph | strat_2] Testing Config 71/100: {'e': 2, 'c': 93, 'interval': 1000, 'h': 6}
2026-03-05 03:39:20,047 - DEBUG - Iter 1/1 for strat_2_com-dblp.ungraph_lhs71_20260304_231705...
2026-03-05 03:39:20,047 - DEBUG - Running: java -cp fastutil-8.2.2.jar:mosso-strat_2.jar mosso.Run datasets/com-dblp.ungraph.txt strat_2_com-dblp.ungraph_lhs71_20260304_231705_run1 mosso 2 93 1000 6
2026-03-05 03:40:06,667 - INFO - [com-dblp.ungraph | strat_2] Testing Config 72/100: {'e': 1, 'c': 128, 'interval': 1000, 'h': 26}
2026-03-05 03:40:06,668 - DEBUG - Iter 1/1 for strat_2_com-dblp.ungraph_lhs72_20260304_231705...
2026-03-05 03:40:06,668 - DEBUG - Running: java -cp fastutil-8.2.2.jar:mosso-strat_2.jar mosso.Run datasets/com-dblp.ungraph.txt strat_2_com-dblp.ungraph_lhs72_20260304_231705_run1 mosso 1 128 1000 26
2026-03-05 03:41:04,173 - INFO - [com-dblp.ungraph | strat_2] Testing Config 73/100: {'e': 3, 'c': 170, 'interval': 1000, 'h': 4}
2026-03-05 03:41:04,173 - DEBUG - Iter 1/1 for strat_2_com-dblp.ungraph_lhs73_20260304_231705...
2026-03-05 03:41:04,173 - DEBUG - Running: java -cp fastutil-8.2.2.jar:mosso-strat_2.jar mosso.Run datasets/com-dblp.ungraph.txt strat_2_com-dblp.ungraph_lhs73_20260304_231705_run1 mosso 3 170 1000 4
2026-03-05 03:42:28,563 - INFO - [com-dblp.ungraph | strat_2] Testing Config 74/100: {'e': 6, 'c': 156, 'interval': 1000, 'h': 8}
2026-03-05 03:42:28,563 - DEBUG - Iter 1/1 for strat_2_com-dblp.ungraph_lhs74_20260304_231705...
2026-03-05 03:42:28,563 - DEBUG - Running: java -cp fastutil-8.2.2.jar:mosso-strat_2.jar mosso.Run datasets/com-dblp.ungraph.txt strat_2_com-dblp.ungraph_lhs74_20260304_231705_run1 mosso 6 156 1000 8
2026-03-05 03:43:46,681 - INFO - [com-dblp.ungraph | strat_2] Testing Config 75/100: {'e': 1, 'c': 53, 'interval': 1000, 'h': 11}
2026-03-05 03:43:46,681 - DEBUG - Iter 1/1 for strat_2_com-dblp.ungraph_lhs75_20260304_231705...
2026-03-05 03:43:46,681 - DEBUG - Running: java -cp fastutil-8.2.2.jar:mosso-strat_2.jar mosso.Run datasets/com-dblp.ungraph.txt strat_2_com-dblp.ungraph_lhs75_20260304_231705_run1 mosso 1 53 1000 11
2026-03-05 03:44:08,967 - INFO - [com-dblp.ungraph | strat_2] Testing Config 76/100: {'e': 5, 'c': 72, 'interval': 1000, 'h': 35}
2026-03-05 03:44:08,967 - DEBUG - Iter 1/1 for strat_2_com-dblp.ungraph_lhs76_20260304_231705...
2026-03-05 03:44:08,967 - DEBUG - Running: java -cp fastutil-8.2.2.jar:mosso-strat_2.jar mosso.Run datasets/com-dblp.ungraph.txt strat_2_com-dblp.ungraph_lhs76_20260304_231705_run1 mosso 5 72 1000 35
2026-03-05 03:44:41,653 - INFO - [com-dblp.ungraph | strat_2] Testing Config 77/100: {'e': 2, 'c': 182, 'interval': 1000, 'h': 37}
2026-03-05 03:44:41,653 - DEBUG - Iter 1/1 for strat_2_com-dblp.ungraph_lhs77_20260304_231705...
2026-03-05 03:44:41,653 - DEBUG - Running: java -cp fastutil-8.2.2.jar:mosso-strat_2.jar mosso.Run datasets/com-dblp.ungraph.txt strat_2_com-dblp.ungraph_lhs77_20260304_231705_run1 mosso 2 182 1000 37
2026-03-05 03:46:39,977 - INFO - [com-dblp.ungraph | strat_2] Testing Config 78/100: {'e': 3, 'c': 162, 'interval': 1000, 'h': 23}
2026-03-05 03:46:39,978 - DEBUG - Iter 1/1 for strat_2_com-dblp.ungraph_lhs78_20260304_231705...
2026-03-05 03:46:39,978 - DEBUG - Running: java -cp fastutil-8.2.2.jar:mosso-strat_2.jar mosso.Run datasets/com-dblp.ungraph.txt strat_2_com-dblp.ungraph_lhs78_20260304_231705_run1 mosso 3 162 1000 23
2026-03-05 03:48:20,459 - INFO - [com-dblp.ungraph | strat_2] Testing Config 79/100: {'e': 5, 'c': 236, 'interval': 1000, 'h': 11}
2026-03-05 03:48:20,459 - DEBUG - Iter 1/1 for strat_2_com-dblp.ungraph_lhs79_20260304_231705...
2026-03-05 03:48:20,459 - DEBUG - Running: java -cp fastutil-8.2.2.jar:mosso-strat_2.jar mosso.Run datasets/com-dblp.ungraph.txt strat_2_com-dblp.ungraph_lhs79_20260304_231705_run1 mosso 5 236 1000 11
2026-03-05 03:50:37,832 - INFO - [com-dblp.ungraph | strat_2] Testing Config 80/100: {'e': 8, 'c': 15, 'interval': 1000, 'h': 5}
2026-03-05 03:50:37,832 - DEBUG - Iter 1/1 for strat_2_com-dblp.ungraph_lhs80_20260304_231705...
2026-03-05 03:50:37,832 - DEBUG - Running: java -cp fastutil-8.2.2.jar:mosso-strat_2.jar mosso.Run datasets/com-dblp.ungraph.txt strat_2_com-dblp.ungraph_lhs80_20260304_231705_run1 mosso 8 15 1000 5
2026-03-05 03:50:47,070 - INFO - [com-dblp.ungraph | strat_2] Testing Config 81/100: {'e': 4, 'c': 82, 'interval': 1000, 'h': 20}
2026-03-05 03:50:47,070 - DEBUG - Iter 1/1 for strat_2_com-dblp.ungraph_lhs81_20260304_231705...
2026-03-05 03:50:47,070 - DEBUG - Running: java -cp fastutil-8.2.2.jar:mosso-strat_2.jar mosso.Run datasets/com-dblp.ungraph.txt strat_2_com-dblp.ungraph_lhs81_20260304_231705_run1 mosso 4 82 1000 20
2026-03-05 03:51:24,497 - INFO - [com-dblp.ungraph | strat_2] Testing Config 82/100: {'e': 8, 'c': 66, 'interval': 1000, 'h': 25}
2026-03-05 03:51:24,497 - DEBUG - Iter 1/1 for strat_2_com-dblp.ungraph_lhs82_20260304_231705...
2026-03-05 03:51:24,497 - DEBUG - Running: java -cp fastutil-8.2.2.jar:mosso-strat_2.jar mosso.Run datasets/com-dblp.ungraph.txt strat_2_com-dblp.ungraph_lhs82_20260304_231705_run1 mosso 8 66 1000 25
2026-03-05 03:51:55,517 - INFO - [com-dblp.ungraph | strat_2] Testing Config 83/100: {'e': 2, 'c': 17, 'interval': 1000, 'h': 6}
2026-03-05 03:51:55,517 - DEBUG - Iter 1/1 for strat_2_com-dblp.ungraph_lhs83_20260304_231705...
2026-03-05 03:51:55,517 - DEBUG - Running: java -cp fastutil-8.2.2.jar:mosso-strat_2.jar mosso.Run datasets/com-dblp.ungraph.txt strat_2_com-dblp.ungraph_lhs83_20260304_231705_run1 mosso 2 17 1000 6
2026-03-05 03:52:05,497 - INFO - [com-dblp.ungraph | strat_2] Testing Config 84/100: {'e': 8, 'c': 234, 'interval': 1000, 'h': 29}
2026-03-05 03:52:05,498 - DEBUG - Iter 1/1 for strat_2_com-dblp.ungraph_lhs84_20260304_231705...
2026-03-05 03:52:05,498 - DEBUG - Running: java -cp fastutil-8.2.2.jar:mosso-strat_2.jar mosso.Run datasets/com-dblp.ungraph.txt strat_2_com-dblp.ungraph_lhs84_20260304_231705_run1 mosso 8 234 1000 29
2026-03-05 03:54:19,403 - INFO - [com-dblp.ungraph | strat_2] Testing Config 85/100: {'e': 7, 'c': 222, 'interval': 1000, 'h': 26}
2026-03-05 03:54:19,403 - DEBUG - Iter 1/1 for strat_2_com-dblp.ungraph_lhs85_20260304_231705...
2026-03-05 03:54:19,403 - DEBUG - Running: java -cp fastutil-8.2.2.jar:mosso-strat_2.jar mosso.Run datasets/com-dblp.ungraph.txt strat_2_com-dblp.ungraph_lhs85_20260304_231705_run1 mosso 7 222 1000 26
2026-03-05 03:56:22,257 - INFO - [com-dblp.ungraph | strat_2] Testing Config 86/100: {'e': 2, 'c': 47, 'interval': 1000, 'h': 28}
2026-03-05 03:56:22,257 - DEBUG - Iter 1/1 for strat_2_com-dblp.ungraph_lhs86_20260304_231705...
2026-03-05 03:56:22,257 - DEBUG - Running: java -cp fastutil-8.2.2.jar:mosso-strat_2.jar mosso.Run datasets/com-dblp.ungraph.txt strat_2_com-dblp.ungraph_lhs86_20260304_231705_run1 mosso 2 47 1000 28
2026-03-05 03:56:42,883 - INFO - [com-dblp.ungraph | strat_2] Testing Config 87/100: {'e': 3, 'c': 101, 'interval': 1000, 'h': 34}
2026-03-05 03:56:42,883 - DEBUG - Iter 1/1 for strat_2_com-dblp.ungraph_lhs87_20260304_231705...
2026-03-05 03:56:42,883 - DEBUG - Running: java -cp fastutil-8.2.2.jar:mosso-strat_2.jar mosso.Run datasets/com-dblp.ungraph.txt strat_2_com-dblp.ungraph_lhs87_20260304_231705_run1 mosso 3 101 1000 34
2026-03-05 03:57:36,381 - INFO - [com-dblp.ungraph | strat_2] Testing Config 88/100: {'e': 7, 'c': 38, 'interval': 1000, 'h': 14}
2026-03-05 03:57:36,381 - DEBUG - Iter 1/1 for strat_2_com-dblp.ungraph_lhs88_20260304_231705...
2026-03-05 03:57:36,381 - DEBUG - Running: java -cp fastutil-8.2.2.jar:mosso-strat_2.jar mosso.Run datasets/com-dblp.ungraph.txt strat_2_com-dblp.ungraph_lhs88_20260304_231705_run1 mosso 7 38 1000 14
2026-03-05 03:57:54,992 - INFO - [com-dblp.ungraph | strat_2] Testing Config 89/100: {'e': 1, 'c': 23, 'interval': 1000, 'h': 17}
2026-03-05 03:57:54,992 - DEBUG - Iter 1/1 for strat_2_com-dblp.ungraph_lhs89_20260304_231705...
2026-03-05 03:57:54,992 - DEBUG - Running: java -cp fastutil-8.2.2.jar:mosso-strat_2.jar mosso.Run datasets/com-dblp.ungraph.txt strat_2_com-dblp.ungraph_lhs89_20260304_231705_run1 mosso 1 23 1000 17
2026-03-05 03:58:06,605 - INFO - [com-dblp.ungraph | strat_2] Testing Config 90/100: {'e': 7, 'c': 176, 'interval': 1000, 'h': 36}
2026-03-05 03:58:06,605 - DEBUG - Iter 1/1 for strat_2_com-dblp.ungraph_lhs90_20260304_231705...
2026-03-05 03:58:06,605 - DEBUG - Running: java -cp fastutil-8.2.2.jar:mosso-strat_2.jar mosso.Run datasets/com-dblp.ungraph.txt strat_2_com-dblp.ungraph_lhs90_20260304_231705_run1 mosso 7 176 1000 36
2026-03-05 03:59:38,065 - INFO - [com-dblp.ungraph | strat_2] Testing Config 91/100: {'e': 4, 'c': 99, 'interval': 1000, 'h': 11}
2026-03-05 03:59:38,065 - DEBUG - Iter 1/1 for strat_2_com-dblp.ungraph_lhs91_20260304_231705...
2026-03-05 03:59:38,065 - DEBUG - Running: java -cp fastutil-8.2.2.jar:mosso-strat_2.jar mosso.Run datasets/com-dblp.ungraph.txt strat_2_com-dblp.ungraph_lhs91_20260304_231705_run1 mosso 4 99 1000 11
2026-03-05 04:00:23,068 - INFO - [com-dblp.ungraph | strat_2] Testing Config 92/100: {'e': 3, 'c': 191, 'interval': 1000, 'h': 13}
2026-03-05 04:00:23,069 - DEBUG - Iter 1/1 for strat_2_com-dblp.ungraph_lhs92_20260304_231705...
2026-03-05 04:00:23,069 - DEBUG - Running: java -cp fastutil-8.2.2.jar:mosso-strat_2.jar mosso.Run datasets/com-dblp.ungraph.txt strat_2_com-dblp.ungraph_lhs92_20260304_231705_run1 mosso 3 191 1000 13
2026-03-05 04:01:57,779 - INFO - [com-dblp.ungraph | strat_2] Testing Config 93/100: {'e': 5, 'c': 158, 'interval': 1000, 'h': 10}
2026-03-05 04:01:57,779 - DEBUG - Iter 1/1 for strat_2_com-dblp.ungraph_lhs93_20260304_231705...
2026-03-05 04:01:57,779 - DEBUG - Running: java -cp fastutil-8.2.2.jar:mosso-strat_2.jar mosso.Run datasets/com-dblp.ungraph.txt strat_2_com-dblp.ungraph_lhs93_20260304_231705_run1 mosso 5 158 1000 10
2026-03-05 04:03:17,054 - INFO - [com-dblp.ungraph | strat_2] Testing Config 94/100: {'e': 1, 'c': 131, 'interval': 1000, 'h': 30}
2026-03-05 04:03:17,055 - DEBUG - Iter 1/1 for strat_2_com-dblp.ungraph_lhs94_20260304_231705...
2026-03-05 04:03:17,055 - DEBUG - Running: java -cp fastutil-8.2.2.jar:mosso-strat_2.jar mosso.Run datasets/com-dblp.ungraph.txt strat_2_com-dblp.ungraph_lhs94_20260304_231705_run1 mosso 1 131 1000 30
2026-03-05 04:04:28,951 - INFO - [com-dblp.ungraph | strat_2] Testing Config 95/100: {'e': 1, 'c': 199, 'interval': 1000, 'h': 7}
2026-03-05 04:04:28,951 - DEBUG - Iter 1/1 for strat_2_com-dblp.ungraph_lhs95_20260304_231705...
2026-03-05 04:04:28,951 - DEBUG - Running: java -cp fastutil-8.2.2.jar:mosso-strat_2.jar mosso.Run datasets/com-dblp.ungraph.txt strat_2_com-dblp.ungraph_lhs95_20260304_231705_run1 mosso 1 199 1000 7
2026-03-05 04:06:42,831 - INFO - [com-dblp.ungraph | strat_2] Testing Config 96/100: {'e': 8, 'c': 149, 'interval': 1000, 'h': 14}
2026-03-05 04:06:42,831 - DEBUG - Iter 1/1 for strat_2_com-dblp.ungraph_lhs96_20260304_231705...
2026-03-05 04:06:42,831 - DEBUG - Running: java -cp fastutil-8.2.2.jar:mosso-strat_2.jar mosso.Run datasets/com-dblp.ungraph.txt strat_2_com-dblp.ungraph_lhs96_20260304_231705_run1 mosso 8 149 1000 14
2026-03-05 04:08:16,660 - INFO - [com-dblp.ungraph | strat_2] Testing Config 97/100: {'e': 6, 'c': 10, 'interval': 1000, 'h': 5}
2026-03-05 04:08:16,660 - DEBUG - Iter 1/1 for strat_2_com-dblp.ungraph_lhs97_20260304_231705...
2026-03-05 04:08:16,660 - DEBUG - Running: java -cp fastutil-8.2.2.jar:mosso-strat_2.jar mosso.Run datasets/com-dblp.ungraph.txt strat_2_com-dblp.ungraph_lhs97_20260304_231705_run1 mosso 6 10 1000 5
2026-03-05 04:08:24,120 - INFO - [com-dblp.ungraph | strat_2] Testing Config 98/100: {'e': 4, 'c': 202, 'interval': 1000, 'h': 6}
2026-03-05 04:08:24,120 - DEBUG - Iter 1/1 for strat_2_com-dblp.ungraph_lhs98_20260304_231705...
2026-03-05 04:08:24,120 - DEBUG - Running: java -cp fastutil-8.2.2.jar:mosso-strat_2.jar mosso.Run datasets/com-dblp.ungraph.txt strat_2_com-dblp.ungraph_lhs98_20260304_231705_run1 mosso 4 202 1000 6
2026-03-05 04:10:09,743 - INFO - [com-dblp.ungraph | strat_2] Testing Config 99/100: {'e': 4, 'c': 112, 'interval': 1000, 'h': 29}
2026-03-05 04:10:09,743 - DEBUG - Iter 1/1 for strat_2_com-dblp.ungraph_lhs99_20260304_231705...
2026-03-05 04:10:09,743 - DEBUG - Running: java -cp fastutil-8.2.2.jar:mosso-strat_2.jar mosso.Run datasets/com-dblp.ungraph.txt strat_2_com-dblp.ungraph_lhs99_20260304_231705_run1 mosso 4 112 1000 29
2026-03-05 04:11:02,521 - INFO - [com-dblp.ungraph | strat_2] Testing Config 100/100: {'e': 4, 'c': 45, 'interval': 1000, 'h': 28}
2026-03-05 04:11:02,521 - DEBUG - Iter 1/1 for strat_2_com-dblp.ungraph_lhs100_20260304_231705...
2026-03-05 04:11:02,521 - DEBUG - Running: java -cp fastutil-8.2.2.jar:mosso-strat_2.jar mosso.Run datasets/com-dblp.ungraph.txt strat_2_com-dblp.ungraph_lhs100_20260304_231705_run1 mosso 4 45 1000 28
2026-03-05 04:11:24,844 - INFO - ========== STAGE 3: RESULTS & ARTIFACTS ==========
2026-03-05 04:11:24,860 - INFO - 
--- PARETO OPTIMAL CONFIGURATIONS (LHS) ---
2026-03-05 04:11:24,862 - INFO - +------------------+-------------+--------+----------+-----+-----+------------+-----+
2026-03-05 04:11:24,862 - INFO - | Dataset          | Algorithm   |   Time |    Ratio |   e |   c |   interval |   h |
2026-03-05 04:11:24,862 - INFO - +==================+=============+========+==========+=====+=====+============+=====+
2026-03-05 04:11:24,862 - INFO - | as-caida20071105 | strat_2     |  0.712 | 0.686499 |   7 |  10 |       1000 |   8 |
2026-03-05 04:11:24,862 - INFO - +------------------+-------------+--------+----------+-----+-----+------------+-----+
2026-03-05 04:11:24,862 - INFO - | as-caida20071105 | strat_2     |  0.781 | 0.638973 |   6 |  12 |       1000 |  10 |
2026-03-05 04:11:24,862 - INFO - +------------------+-------------+--------+----------+-----+-----+------------+-----+
2026-03-05 04:11:24,862 - INFO - | as-caida20071105 | strat_2     |  1.007 | 0.590116 |   5 |  16 |       1000 |  28 |
2026-03-05 04:11:24,862 - INFO - +------------------+-------------+--------+----------+-----+-----+------------+-----+
2026-03-05 04:11:24,862 - INFO - | as-caida20071105 | strat_2     |  1.427 | 0.561529 |   6 |  27 |       1000 |  38 |
2026-03-05 04:11:24,862 - INFO - +------------------+-------------+--------+----------+-----+-----+------------+-----+
2026-03-05 04:11:24,862 - INFO - | as-caida20071105 | strat_2     |  1.745 | 0.525917 |   4 |  32 |       1000 |  25 |
2026-03-05 04:11:24,862 - INFO - +------------------+-------------+--------+----------+-----+-----+------------+-----+
2026-03-05 04:11:24,863 - INFO - | as-caida20071105 | strat_2     |  2.086 | 0.509919 |   3 |  38 |       1000 |  20 |
2026-03-05 04:11:24,863 - INFO - +------------------+-------------+--------+----------+-----+-----+------------+-----+
2026-03-05 04:11:24,863 - INFO - | as-caida20071105 | strat_2     |  2.557 | 0.497199 |   2 |  48 |       1000 |  35 |
2026-03-05 04:11:24,863 - INFO - +------------------+-------------+--------+----------+-----+-----+------------+-----+
2026-03-05 04:11:24,863 - INFO - | as-caida20071105 | strat_2     |  2.939 | 0.490942 |   2 |  54 |       1000 |   9 |
2026-03-05 04:11:24,863 - INFO - +------------------+-------------+--------+----------+-----+-----+------------+-----+
2026-03-05 04:11:24,863 - INFO - | as-caida20071105 | strat_2     |  3.223 | 0.490193 |   3 |  67 |       1000 |  33 |
2026-03-05 04:11:24,863 - INFO - +------------------+-------------+--------+----------+-----+-----+------------+-----+
2026-03-05 04:11:24,863 - INFO - | as-caida20071105 | strat_2     |  3.69  | 0.487552 |   1 |  71 |       1000 |  36 |
2026-03-05 04:11:24,863 - INFO - +------------------+-------------+--------+----------+-----+-----+------------+-----+
2026-03-05 04:11:24,863 - INFO - | as-caida20071105 | strat_2     |  4.006 | 0.483655 |   2 |  87 |       1000 |   7 |
2026-03-05 04:11:24,863 - INFO - +------------------+-------------+--------+----------+-----+-----+------------+-----+
2026-03-05 04:11:24,863 - INFO - | Email-EuAll      | strat_2     |  4.534 | 0.456819 |   5 |  11 |       1000 |  14 |
2026-03-05 04:11:24,863 - INFO - +------------------+-------------+--------+----------+-----+-----+------------+-----+
2026-03-05 04:11:24,863 - INFO - | Email-EuAll      | strat_2     |  6.412 | 0.363388 |   1 |  15 |       1000 |  10 |
2026-03-05 04:11:24,863 - INFO - +------------------+-------------+--------+----------+-----+-----+------------+-----+
2026-03-05 04:11:24,863 - INFO - | Email-EuAll      | strat_2     |  8.839 | 0.350142 |   3 |  24 |       1000 |   7 |
2026-03-05 04:11:24,863 - INFO - +------------------+-------------+--------+----------+-----+-----+------------+-----+
2026-03-05 04:11:24,863 - INFO - | Email-EuAll      | strat_2     | 12.076 | 0.323117 |   2 |  36 |       1000 |  17 |
2026-03-05 04:11:24,863 - INFO - +------------------+-------------+--------+----------+-----+-----+------------+-----+
2026-03-05 04:11:24,863 - INFO - | Email-EuAll      | strat_2     | 12.903 | 0.319309 |   2 |  41 |       1000 |  39 |
2026-03-05 04:11:24,863 - INFO - +------------------+-------------+--------+----------+-----+-----+------------+-----+
2026-03-05 04:11:24,863 - INFO - | Email-EuAll      | strat_2     | 21.994 | 0.303484 |   1 |  83 |       1000 |  30 |
2026-03-05 04:11:24,863 - INFO - +------------------+-------------+--------+----------+-----+-----+------------+-----+
2026-03-05 04:11:24,863 - INFO - | Email-EuAll      | strat_2     | 24.368 | 0.30282  |   1 |  90 |       1000 |  36 |
2026-03-05 04:11:24,863 - INFO - +------------------+-------------+--------+----------+-----+-----+------------+-----+
2026-03-05 04:11:24,863 - INFO - | Email-EuAll      | strat_2     | 25.46  | 0.301925 |   1 |  97 |       1000 |  31 |
2026-03-05 04:11:24,863 - INFO - +------------------+-------------+--------+----------+-----+-----+------------+-----+
2026-03-05 04:11:24,863 - INFO - | Email-EuAll      | strat_2     | 27.512 | 0.301615 |   2 | 102 |       1000 |  33 |
2026-03-05 04:11:24,863 - INFO - +------------------+-------------+--------+----------+-----+-----+------------+-----+
2026-03-05 04:11:24,863 - INFO - | Email-EuAll      | strat_2     | 32.524 | 0.299058 |   1 | 124 |       1000 |  34 |
2026-03-05 04:11:24,863 - INFO - +------------------+-------------+--------+----------+-----+-----+------------+-----+
2026-03-05 04:11:24,863 - INFO - | Email-EuAll      | strat_2     | 42.427 | 0.299047 |   2 | 129 |       1000 |  39 |
2026-03-05 04:11:24,863 - INFO - +------------------+-------------+--------+----------+-----+-----+------------+-----+
2026-03-05 04:11:24,863 - INFO - | Email-EuAll      | strat_2     | 43.216 | 0.297865 |   1 | 136 |       1000 |  14 |
2026-03-05 04:11:24,863 - INFO - +------------------+-------------+--------+----------+-----+-----+------------+-----+
2026-03-05 04:11:24,863 - INFO - | Email-EuAll      | strat_2     | 44.544 | 0.29759  |   1 | 138 |       1000 |  21 |
2026-03-05 04:11:24,863 - INFO - +------------------+-------------+--------+----------+-----+-----+------------+-----+
2026-03-05 04:11:24,863 - INFO - | Email-EuAll      | strat_2     | 45.153 | 0.29745  |   2 | 158 |       1000 |  25 |
2026-03-05 04:11:24,863 - INFO - +------------------+-------------+--------+----------+-----+-----+------------+-----+
2026-03-05 04:11:24,863 - INFO - | Email-EuAll      | strat_2     | 53.795 | 0.295823 |   2 | 191 |       1000 |  28 |
2026-03-05 04:11:24,863 - INFO - +------------------+-------------+--------+----------+-----+-----+------------+-----+
2026-03-05 04:11:24,863 - INFO - | Email-EuAll      | strat_2     | 56.917 | 0.294723 |   1 | 208 |       1000 |  11 |
2026-03-05 04:11:24,863 - INFO - +------------------+-------------+--------+----------+-----+-----+------------+-----+
2026-03-05 04:11:24,863 - INFO - | Email-EuAll      | strat_2     | 74.337 | 0.294388 |   1 | 211 |       1000 |   7 |
2026-03-05 04:11:24,863 - INFO - +------------------+-------------+--------+----------+-----+-----+------------+-----+
2026-03-05 04:11:24,863 - INFO - | Email-EuAll      | strat_2     | 90.939 | 0.294298 |   2 | 237 |       1000 |  16 |
2026-03-05 04:11:24,863 - INFO - +------------------+-------------+--------+----------+-----+-----+------------+-----+
2026-03-05 04:11:25,738 - INFO - [*] Artifacts saved to: output/lhs_optimization
